Date,Open,High,Low,Close,Adj Close,Volume
2015-12-21,1.836000,1.948000,1.787000,1.911000,1.911000,182619
2015-12-22,1.929000,1.939000,1.863000,1.888000,1.888000,112282
2015-12-23,1.912000,2.009000,1.871000,1.983000,1.983000,102217
2015-12-24,1.994000,2.052000,1.977000,2.029000,2.029000,47512
2015-12-27,null,null,null,null,null,null
2015-12-28,2.082000,2.248000,2.067000,2.228000,2.228000,65772
2015-12-29,2.238000,2.387000,2.235000,2.372000,2.372000,169579
2015-12-30,2.322000,2.335000,2.188000,2.214000,2.214000,134926
2015-12-31,2.273000,2.378000,2.270000,2.337000,2.337000,144665
2016-01-03,null,null,null,null,null,null
2016-01-04,2.366000,2.375000,2.239000,2.334000,2.334000,135238
2016-01-05,2.290000,2.346000,2.255000,2.325000,2.325000,123923
2016-01-06,2.345000,2.360000,2.241000,2.267000,2.267000,166278
2016-01-07,2.290000,2.429000,2.271000,2.382000,2.382000,214462
2016-01-08,2.397000,2.495000,2.377000,2.472000,2.472000,163907
2016-01-10,null,null,null,null,null,null
2016-01-11,2.446000,2.480000,2.355000,2.396000,2.396000,146842
2016-01-12,2.362000,2.366000,2.241000,2.257000,2.257000,157603
2016-01-13,2.263000,2.323000,2.256000,2.269000,2.269000,137810
2016-01-14,2.274000,2.294000,2.126000,2.139000,2.139000,156658
2016-01-15,2.144000,2.153000,2.086000,2.100000,2.100000,103815
2016-01-17,null,null,null,null,null,null
2016-01-18,null,null,null,null,null,null
2016-01-19,2.055000,2.170000,2.044000,2.091000,2.091000,133091
2016-01-20,2.091000,2.149000,2.067000,2.118000,2.118000,106102
2016-01-21,2.135000,2.189000,2.080000,2.138000,2.138000,161148
2016-01-22,2.149000,2.168000,2.112000,2.139000,2.139000,92561
2016-01-24,null,null,null,null,null,null
2016-01-25,2.156000,2.175000,2.081000,2.158000,2.158000,59778
2016-01-26,2.144000,2.219000,2.128000,2.180000,2.180000,47007
2016-01-27,2.177000,2.241000,2.161000,2.189000,2.189000,131832
2016-01-28,2.145000,2.231000,2.088000,2.182000,2.182000,183962
2016-01-29,2.224000,2.315000,2.218000,2.298000,2.298000,181501
2016-01-31,null,null,null,null,null,null
2016-02-01,2.213000,2.228000,2.127000,2.152000,2.152000,174774
2016-02-02,2.136000,2.140000,1.976000,2.025000,2.025000,215715
2016-02-03,2.036000,2.065000,1.992000,2.038000,2.038000,124472
2016-02-04,2.042000,2.048000,1.954000,1.972000,1.972000,153156
2016-02-05,1.981000,2.076000,1.981000,2.063000,2.063000,165224
2016-02-07,null,null,null,null,null,null
2016-02-08,2.106000,2.172000,2.105000,2.140000,2.140000,197084
2016-02-09,2.129000,2.134000,2.065000,2.098000,2.098000,144489
2016-02-10,2.097000,2.109000,2.017000,2.046000,2.046000,147136
2016-02-11,2.052000,2.093000,1.980000,1.994000,1.994000,163827
2016-02-12,1.994000,2.025000,1.951000,1.966000,1.966000,102013
2016-02-14,null,null,null,null,null,null
2016-02-15,null,null,null,null,null,null
2016-02-16,1.952000,1.963000,1.879000,1.903000,1.903000,135735
2016-02-17,1.925000,1.960000,1.893000,1.942000,1.942000,108686
2016-02-18,1.948000,1.954000,1.849000,1.852000,1.852000,144732
2016-02-19,1.856000,1.870000,1.794000,1.804000,1.804000,110286
2016-02-21,null,null,null,null,null,null
2016-02-22,1.784000,1.821000,1.767000,1.821000,1.821000,92455
2016-02-23,1.832000,1.848000,1.773000,1.782000,1.782000,54649
2016-02-24,1.785000,1.808000,1.761000,1.778000,1.778000,41977
2016-02-25,1.773000,1.776000,1.682000,1.711000,1.711000,159634
2016-02-26,1.786000,1.805000,1.731000,1.791000,1.791000,115553
2016-02-28,null,null,null,null,null,null
2016-02-29,1.711000,1.737000,1.690000,1.711000,1.711000,173244
2016-03-01,1.707000,1.775000,1.685000,1.742000,1.742000,192966
2016-03-02,1.741000,1.746000,1.657000,1.678000,1.678000,128726
2016-03-03,1.672000,1.695000,1.630000,1.639000,1.639000,139558
2016-03-04,1.626000,1.675000,1.611000,1.666000,1.666000,100277
2016-03-06,null,null,null,null,null,null
2016-03-07,1.628000,1.740000,1.612000,1.690000,1.690000,158881
2016-03-08,1.707000,1.740000,1.678000,1.712000,1.712000,147454
2016-03-09,1.727000,1.784000,1.715000,1.752000,1.752000,160681
2016-03-10,1.764000,1.812000,1.733000,1.788000,1.788000,183310
2016-03-11,1.799000,1.859000,1.792000,1.822000,1.822000,135380
2016-03-13,null,null,null,null,null,null
2016-03-14,1.818000,1.857000,1.771000,1.819000,1.819000,111237
2016-03-15,1.832000,1.898000,1.808000,1.851000,1.851000,137266
2016-03-16,1.849000,1.879000,1.820000,1.868000,1.868000,112156
2016-03-17,1.869000,1.952000,1.830000,1.936000,1.936000,172241
2016-03-18,1.933000,1.957000,1.881000,1.907000,1.907000,122652
2016-03-20,null,null,null,null,null,null
2016-03-21,1.893000,1.908000,1.808000,1.828000,1.828000,139542
2016-03-22,1.813000,1.870000,1.796000,1.863000,1.863000,116291
2016-03-23,1.867000,1.899000,1.777000,1.794000,1.794000,121750
2016-03-24,1.791000,1.827000,1.772000,1.806000,1.806000,64618
2016-03-27,null,null,null,null,null,null
2016-03-28,1.785000,1.852000,1.766000,1.848000,1.848000,55160
2016-03-29,1.855000,1.914000,1.821000,1.903000,1.903000,149851
2016-03-30,1.979000,2.015000,1.963000,1.996000,1.996000,116072
2016-03-31,1.990000,2.028000,1.930000,1.959000,1.959000,184464
2016-04-01,1.963000,1.992000,1.925000,1.956000,1.956000,115458
2016-04-03,null,null,null,null,null,null
2016-04-04,1.988000,2.074000,1.976000,1.998000,1.998000,158616
2016-04-05,2.004000,2.041000,1.931000,1.954000,1.954000,136280
2016-04-06,1.941000,1.943000,1.897000,1.911000,1.911000,123746
2016-04-07,1.904000,2.024000,1.892000,2.018000,2.018000,214842
2016-04-08,2.015000,2.044000,1.986000,1.990000,1.990000,163135
2016-04-10,null,null,null,null,null,null
2016-04-11,1.951000,1.951000,1.907000,1.912000,1.912000,158321
2016-04-12,1.934000,2.030000,1.922000,2.004000,2.004000,175353
2016-04-13,2.016000,2.051000,2.002000,2.036000,2.036000,164613
2016-04-14,2.045000,2.048000,1.957000,1.970000,1.970000,147139
2016-04-15,1.961000,1.967000,1.885000,1.902000,1.902000,137689
2016-04-17,null,null,null,null,null,null
2016-04-18,1.882000,1.950000,1.872000,1.940000,1.940000,128242
2016-04-19,1.934000,2.096000,1.925000,2.088000,2.088000,179590
2016-04-20,2.089000,2.137000,2.054000,2.069000,2.069000,189782
2016-04-21,2.073000,2.107000,2.053000,2.068000,2.068000,147696
2016-04-22,2.061000,2.147000,2.034000,2.140000,2.140000,155814
2016-04-24,null,null,null,null,null,null
2016-04-25,2.160000,2.176000,2.043000,2.063000,2.063000,66033
2016-04-26,2.072000,2.082000,1.993000,2.032000,2.032000,55326
2016-04-27,2.035000,2.064000,1.950000,1.995000,1.995000,179928
2016-04-28,2.149000,2.155000,2.054000,2.078000,2.078000,181446
2016-04-29,2.060000,2.195000,2.042000,2.178000,2.178000,228083
2016-05-01,null,null,null,null,null,null
2016-05-02,2.132000,2.143000,2.026000,2.042000,2.042000,161764
2016-05-03,2.053000,2.104000,2.041000,2.086000,2.086000,125188
2016-05-04,2.086000,2.160000,2.061000,2.141000,2.141000,131086
2016-05-05,2.143000,2.179000,2.068000,2.076000,2.076000,148472
2016-05-06,2.084000,2.109000,2.045000,2.101000,2.101000,128478
2016-05-08,null,null,null,null,null,null
2016-05-09,2.104000,2.126000,2.080000,2.098000,2.098000,109455
2016-05-10,2.100000,2.173000,2.091000,2.158000,2.158000,137449
2016-05-11,2.164000,2.183000,2.114000,2.173000,2.173000,154963
2016-05-12,2.163000,2.185000,2.125000,2.155000,2.155000,144823
2016-05-13,2.134000,2.164000,2.075000,2.096000,2.096000,169395
2016-05-15,null,null,null,null,null,null
2016-05-16,2.080000,2.087000,2.023000,2.029000,2.029000,122627
2016-05-17,2.037000,2.083000,2.030000,2.048000,2.048000,114930
2016-05-18,2.054000,2.057000,1.994000,2.001000,2.001000,129144
2016-05-19,2.010000,2.052000,1.952000,2.039000,2.039000,175780
2016-05-20,2.037000,2.074000,2.015000,2.062000,2.062000,108443
2016-05-22,null,null,null,null,null,null
2016-05-23,2.093000,2.133000,2.050000,2.055000,2.055000,106263
2016-05-24,2.064000,2.087000,1.976000,1.980000,1.980000,80233
2016-05-25,1.980000,2.008000,1.955000,1.992000,1.992000,54778
2016-05-26,1.972000,1.985000,1.909000,1.963000,1.963000,148832
2016-05-27,2.145000,2.191000,2.101000,2.169000,2.169000,124443
2016-05-29,null,null,null,null,null,null
2016-05-31,2.160000,2.303000,2.151000,2.288000,2.288000,194034
2016-06-01,2.287000,2.386000,2.277000,2.381000,2.381000,209914
2016-06-02,2.369000,2.424000,2.361000,2.405000,2.405000,155782
2016-06-03,2.404000,2.454000,2.387000,2.398000,2.398000,135938
2016-06-05,null,null,null,null,null,null
2016-06-06,2.439000,2.480000,2.399000,2.466000,2.466000,150658
2016-06-07,2.444000,2.491000,2.408000,2.474000,2.474000,169660
2016-06-08,2.481000,2.501000,2.453000,2.468000,2.468000,163427
2016-06-09,2.465000,2.630000,2.451000,2.617000,2.617000,280217
2016-06-10,2.593000,2.609000,2.551000,2.556000,2.556000,165068
2016-06-12,null,null,null,null,null,null
2016-06-13,2.595000,2.635000,2.570000,2.585000,2.585000,163311
2016-06-14,2.576000,2.621000,2.535000,2.604000,2.604000,158697
2016-06-15,2.607000,2.634000,2.586000,2.595000,2.595000,107729
2016-06-16,2.592000,2.639000,2.553000,2.580000,2.580000,149526
2016-06-17,2.584000,2.656000,2.554000,2.623000,2.623000,127814
2016-06-19,null,null,null,null,null,null
2016-06-20,2.652000,2.759000,2.650000,2.747000,2.747000,158498
2016-06-21,2.743000,2.786000,2.710000,2.768000,2.768000,124578
2016-06-22,2.765000,2.775000,2.657000,2.677000,2.677000,142665
2016-06-23,2.670000,2.720000,2.614000,2.698000,2.698000,141679
2016-06-24,2.703000,2.703000,2.625000,2.662000,2.662000,46173
2016-06-26,null,null,null,null,null,null
2016-06-27,2.636000,2.736000,2.631000,2.716000,2.716000,45353
2016-06-28,2.726000,2.934000,2.721000,2.917000,2.917000,176680
2016-06-29,2.879000,2.974000,2.844000,2.863000,2.863000,147245
2016-06-30,2.863000,2.945000,2.851000,2.924000,2.924000,160700
2016-07-01,2.931000,2.998000,2.891000,2.987000,2.987000,114642
2016-07-03,null,null,null,null,null,null
2016-07-05,2.915000,2.945000,2.752000,2.764000,2.764000,176555
2016-07-06,2.768000,2.802000,2.697000,2.786000,2.786000,135881
2016-07-07,2.803000,2.841000,2.725000,2.777000,2.777000,138168
2016-07-08,2.758000,2.825000,2.748000,2.801000,2.801000,98786
2016-07-10,null,null,null,null,null,null
2016-07-11,2.819000,2.871000,2.696000,2.702000,2.702000,151030
2016-07-12,2.717000,2.751000,2.687000,2.734000,2.734000,143029
2016-07-13,2.738000,2.799000,2.702000,2.737000,2.737000,131498
2016-07-14,2.751000,2.769000,2.709000,2.727000,2.727000,126994
2016-07-15,2.730000,2.778000,2.669000,2.756000,2.756000,122444
2016-07-17,null,null,null,null,null,null
2016-07-18,2.775000,2.799000,2.708000,2.722000,2.722000,89832
2016-07-19,2.733000,2.787000,2.714000,2.728000,2.728000,105285
2016-07-20,2.722000,2.730000,2.648000,2.658000,2.658000,125798
2016-07-21,2.665000,2.710000,2.625000,2.692000,2.692000,120585
2016-07-22,2.688000,2.795000,2.660000,2.777000,2.777000,95596
2016-07-24,null,null,null,null,null,null
2016-07-25,2.779000,2.818000,2.728000,2.747000,2.747000,46357
2016-07-26,2.733000,2.772000,2.682000,2.712000,2.712000,54031
2016-07-27,2.691000,2.750000,2.654000,2.672000,2.672000,125801
2016-07-28,2.673000,2.893000,2.651000,2.873000,2.873000,249336
2016-07-29,2.857000,2.911000,2.837000,2.876000,2.876000,116827
2016-07-31,null,null,null,null,null,null
2016-08-01,2.840000,2.876000,2.768000,2.771000,2.771000,128411
2016-08-02,2.774000,2.799000,2.728000,2.733000,2.733000,107781
2016-08-03,2.734000,2.866000,2.722000,2.839000,2.839000,155704
2016-08-04,2.842000,2.885000,2.810000,2.834000,2.834000,148296
2016-08-05,2.829000,2.832000,2.756000,2.772000,2.772000,145174
2016-08-07,null,null,null,null,null,null
2016-08-08,2.749000,2.761000,2.705000,2.748000,2.748000,175884
2016-08-09,2.738000,2.744000,2.605000,2.615000,2.615000,221206
2016-08-10,2.619000,2.650000,2.551000,2.561000,2.561000,187743
2016-08-11,2.570000,2.605000,2.529000,2.551000,2.551000,181826
2016-08-12,2.535000,2.625000,2.523000,2.586000,2.586000,134470
2016-08-14,null,null,null,null,null,null
2016-08-15,2.565000,2.636000,2.561000,2.590000,2.590000,102325
2016-08-16,2.591000,2.630000,2.580000,2.617000,2.617000,98534
2016-08-17,2.627000,2.648000,2.585000,2.619000,2.619000,122020
2016-08-18,2.615000,2.697000,2.602000,2.674000,2.674000,146982
2016-08-19,2.660000,2.670000,2.569000,2.584000,2.584000,122687
2016-08-21,null,null,null,null,null,null
2016-08-22,2.596000,2.696000,2.596000,2.679000,2.679000,143253
2016-08-23,2.671000,2.765000,2.652000,2.761000,2.761000,131600
2016-08-24,2.761000,2.819000,2.749000,2.796000,2.796000,108008
2016-08-25,2.790000,2.863000,2.749000,2.846000,2.846000,68929
2016-08-26,2.840000,2.907000,2.797000,2.871000,2.871000,49829
2016-08-28,null,null,null,null,null,null
2016-08-29,2.847000,2.896000,2.831000,2.853000,2.853000,119653
2016-08-30,2.893000,2.943000,2.815000,2.827000,2.827000,133443
2016-08-31,2.834000,2.900000,2.808000,2.887000,2.887000,140178
2016-09-01,2.879000,2.890000,2.785000,2.792000,2.792000,157509
2016-09-02,2.805000,2.825000,2.770000,2.792000,2.792000,88815
2016-09-04,null,null,null,null,null,null
2016-09-06,2.764000,2.770000,2.708000,2.717000,2.717000,126923
2016-09-07,2.725000,2.743000,2.665000,2.676000,2.676000,139254
2016-09-08,2.681000,2.821000,2.679000,2.806000,2.806000,212586
2016-09-09,2.810000,2.844000,2.783000,2.797000,2.797000,149669
2016-09-11,null,null,null,null,null,null
2016-09-12,2.820000,2.924000,2.820000,2.915000,2.915000,189734
2016-09-13,2.902000,2.942000,2.887000,2.909000,2.909000,140057
2016-09-14,2.899000,2.978000,2.852000,2.889000,2.889000,175313
2016-09-15,2.895000,2.944000,2.834000,2.927000,2.927000,152767
2016-09-16,2.918000,2.963000,2.866000,2.948000,2.948000,123997
2016-09-18,null,null,null,null,null,null
2016-09-19,2.956000,2.958000,2.890000,2.934000,2.934000,106540
2016-09-20,2.936000,3.072000,2.935000,3.047000,3.047000,172079
2016-09-21,3.078000,3.098000,3.029000,3.057000,3.057000,129474
2016-09-22,3.074000,3.091000,2.981000,2.990000,2.990000,132427
2016-09-23,2.995000,3.021000,2.933000,2.955000,2.955000,93791
2016-09-25,null,null,null,null,null,null
2016-09-26,2.949000,3.018000,2.943000,2.997000,2.997000,44209
2016-09-27,3.011000,3.023000,2.977000,2.996000,2.996000,45160
2016-09-28,2.994000,2.994000,2.905000,2.952000,2.952000,137838
2016-09-29,3.010000,3.032000,2.956000,2.959000,2.959000,131811
2016-09-30,2.966000,2.977000,2.892000,2.906000,2.906000,168142
2016-10-02,null,null,null,null,null,null
2016-10-03,2.905000,2.937000,2.866000,2.923000,2.923000,126404
2016-10-04,2.907000,2.990000,2.878000,2.964000,2.964000,145549
2016-10-05,2.973000,3.058000,2.922000,3.041000,3.041000,171022
2016-10-06,3.030000,3.071000,2.972000,3.049000,3.049000,202362
2016-10-07,3.033000,3.218000,3.015000,3.193000,3.193000,283581
2016-10-09,null,null,null,null,null,null
2016-10-11,3.272000,3.300000,3.209000,3.237000,3.237000,187557
2016-10-12,3.223000,3.260000,3.184000,3.210000,3.210000,171806
2016-10-13,3.211000,3.366000,3.164000,3.341000,3.341000,267945
2016-10-14,3.345000,3.362000,3.264000,3.285000,3.285000,166446
2016-10-16,null,null,null,null,null,null
2016-10-17,3.260000,3.271000,3.211000,3.244000,3.244000,128893
2016-10-18,3.252000,3.317000,3.248000,3.263000,3.263000,116938
2016-10-19,3.260000,3.261000,3.144000,3.170000,3.170000,156842
2016-10-20,3.173000,3.201000,3.101000,3.141000,3.141000,161637
2016-10-21,3.120000,3.121000,2.955000,2.993000,2.993000,170372
2016-10-23,null,null,null,null,null,null
2016-10-24,3.007000,3.044000,2.827000,2.831000,2.831000,162042
2016-10-25,2.851000,2.879000,2.755000,2.774000,2.774000,99283
2016-10-26,2.757000,2.776000,2.627000,2.731000,2.731000,83053
2016-10-27,2.746000,2.793000,2.684000,2.764000,2.764000,191943
2016-10-28,3.081000,3.125000,3.016000,3.105000,3.105000,157123
2016-10-30,null,null,null,null,null,null
2016-10-31,3.150000,3.163000,2.978000,3.026000,3.026000,154845
2016-11-01,2.979000,3.029000,2.850000,2.902000,2.902000,228839
2016-11-02,2.852000,2.889000,2.769000,2.792000,2.792000,193678
2016-11-03,2.773000,2.840000,2.725000,2.769000,2.769000,170347
2016-11-04,2.815000,2.820000,2.741000,2.767000,2.767000,120816
2016-11-06,null,null,null,null,null,null
2016-11-07,2.848000,2.875000,2.781000,2.816000,2.816000,141836
2016-11-08,2.832000,2.856000,2.607000,2.633000,2.633000,211752
2016-11-09,2.612000,2.743000,2.546000,2.690000,2.690000,209317
2016-11-10,2.691000,2.728000,2.575000,2.632000,2.632000,185153
2016-11-13,null,null,null,null,null,null
2016-11-14,2.667000,2.778000,2.644000,2.749000,2.749000,138940
2016-11-15,2.746000,2.822000,2.694000,2.709000,2.709000,150875
2016-11-16,2.710000,2.782000,2.669000,2.764000,2.764000,125531
2016-11-17,2.767000,2.798000,2.681000,2.703000,2.703000,140196
2016-11-18,2.696000,2.852000,2.690000,2.843000,2.843000,134225
2016-11-20,null,null,null,null,null,null
2016-11-21,2.898000,2.973000,2.891000,2.950000,2.950000,112524
2016-11-22,2.973000,3.014000,2.913000,2.982000,2.982000,112524
2016-11-23,2.948000,3.062000,2.915000,3.026000,3.026000,65480
2016-11-25,3.011000,3.121000,3.001000,3.085000,3.085000,36482
2016-11-27,null,null,null,null,null,null
2016-11-28,3.130000,3.265000,3.130000,3.232000,3.232000,173469
2016-11-29,3.359000,3.367000,3.277000,3.315000,3.315000,163396
2016-11-30,3.325000,3.365000,3.285000,3.352000,3.352000,168555
2016-12-01,3.348000,3.547000,3.316000,3.505000,3.505000,210764
2016-12-02,3.539000,3.568000,3.378000,3.436000,3.436000,168563
2016-12-04,null,null,null,null,null,null
2016-12-05,3.471000,3.656000,3.450000,3.654000,3.654000,192188
2016-12-06,3.600000,3.732000,3.574000,3.635000,3.635000,225250
2016-12-07,3.633000,3.748000,3.556000,3.603000,3.603000,252203
2016-12-08,3.569000,3.730000,3.503000,3.695000,3.695000,233852
2016-12-09,3.710000,3.777000,3.661000,3.746000,3.746000,206662
2016-12-11,null,null,null,null,null,null
2016-12-12,3.583000,3.601000,3.472000,3.507000,3.507000,245756
2016-12-13,3.525000,3.577000,3.448000,3.474000,3.474000,163184
2016-12-14,3.477000,3.572000,3.444000,3.540000,3.540000,140162
2016-12-15,3.567000,3.589000,3.394000,3.434000,3.434000,190798
2016-12-16,3.420000,3.434000,3.343000,3.415000,3.415000,120428
2016-12-18,null,null,null,null,null,null
2016-12-19,3.353000,3.450000,3.330000,3.392000,3.392000,119326
2016-12-20,3.401000,3.408000,3.242000,3.263000,3.263000,165294
2016-12-21,3.311000,3.593000,3.307000,3.542000,3.542000,169031
2016-12-22,3.572000,3.626000,3.497000,3.538000,3.538000,119586
2016-12-23,3.541000,3.715000,3.534000,3.662000,3.662000,58296
2016-12-25,null,null,null,null,null,null
2016-12-27,3.736000,3.778000,3.686000,3.761000,3.761000,59667
2016-12-28,3.735000,3.994000,3.664000,3.930000,3.930000,149568
2016-12-29,3.872000,3.884000,3.754000,3.802000,3.802000,132571
2016-12-30,3.800000,3.857000,3.690000,3.724000,3.724000,96920
2017-01-01,null,null,null,null,null,null
2017-01-03,3.568000,3.568000,3.267000,3.327000,3.327000,254134
2017-01-04,3.317000,3.358000,3.236000,3.267000,3.267000,171528
2017-01-05,3.260000,3.346000,3.172000,3.273000,3.273000,208432
2017-01-06,3.304000,3.358000,3.214000,3.285000,3.285000,140075
2017-01-08,null,null,null,null,null,null
2017-01-09,3.253000,3.275000,3.098000,3.103000,3.103000,163393
2017-01-10,3.115000,3.327000,3.110000,3.278000,3.278000,178594
2017-01-11,3.274000,3.352000,3.213000,3.224000,3.224000,145250
2017-01-12,3.295000,3.450000,3.294000,3.386000,3.386000,202396
2017-01-13,3.397000,3.435000,3.332000,3.419000,3.419000,155200
2017-01-15,null,null,null,null,null,null
2017-01-17,3.473000,3.513000,3.354000,3.412000,3.412000,137695
2017-01-18,3.397000,3.437000,3.282000,3.302000,3.302000,128820
2017-01-19,3.325000,3.404000,3.257000,3.368000,3.368000,145476
2017-01-20,3.301000,3.347000,3.189000,3.204000,3.204000,138918
2017-01-22,null,null,null,null,null,null
2017-01-23,3.180000,3.278000,3.145000,3.243000,3.243000,108564
2017-01-24,3.280000,3.350000,3.259000,3.279000,3.279000,99030
2017-01-25,3.292000,3.365000,3.255000,3.332000,3.332000,51139
2017-01-26,3.362000,3.494000,3.350000,3.382000,3.382000,75883
2017-01-27,3.350000,3.418000,3.245000,3.391000,3.391000,188600
2017-01-29,null,null,null,null,null,null
2017-01-30,3.300000,3.342000,3.216000,3.232000,3.232000,135654
2017-01-31,3.224000,3.235000,3.110000,3.117000,3.117000,198006
2017-02-01,3.134000,3.228000,3.113000,3.168000,3.168000,136176
2017-02-02,3.174000,3.209000,3.118000,3.187000,3.187000,149327
2017-02-03,3.193000,3.201000,3.042000,3.063000,3.063000,179658
2017-02-05,null,null,null,null,null,null
2017-02-06,3.015000,3.086000,3.006000,3.050000,3.050000,124252
2017-02-07,3.060000,3.156000,3.051000,3.130000,3.130000,177005
2017-02-08,3.140000,3.164000,3.060000,3.126000,3.126000,159476
2017-02-09,3.143000,3.189000,3.110000,3.141000,3.141000,162281
2017-02-10,3.105000,3.121000,3.005000,3.034000,3.034000,188162
2017-02-12,null,null,null,null,null,null
2017-02-13,2.978000,2.994000,2.921000,2.944000,2.944000,162673
2017-02-14,2.923000,2.953000,2.887000,2.905000,2.905000,142943
2017-02-15,2.939000,2.994000,2.913000,2.925000,2.925000,126121
2017-02-16,2.934000,2.953000,2.831000,2.854000,2.854000,138783
2017-02-17,2.840000,2.899000,2.830000,2.834000,2.834000,126492
2017-02-19,null,null,null,null,null,null
2017-02-21,2.791000,2.826000,2.556000,2.564000,2.564000,205024
2017-02-22,2.584000,2.640000,2.522000,2.592000,2.592000,69600
2017-02-23,2.598000,2.704000,2.569000,2.617000,2.617000,67942
2017-02-24,2.620000,2.670000,2.587000,2.627000,2.627000,143588
2017-02-26,null,null,null,null,null,null
2017-02-27,2.715000,2.721000,2.659000,2.693000,2.693000,127547
2017-02-28,2.691000,2.788000,2.653000,2.774000,2.774000,183619
2017-03-01,2.770000,2.828000,2.743000,2.799000,2.799000,154834
2017-03-02,2.791000,2.835000,2.730000,2.804000,2.804000,173316
2017-03-03,2.816000,2.840000,2.775000,2.827000,2.827000,155244
2017-03-05,null,null,null,null,null,null
2017-03-06,2.911000,2.952000,2.857000,2.901000,2.901000,216887
2017-03-07,2.872000,2.890000,2.815000,2.824000,2.824000,166482
2017-03-08,2.835000,2.949000,2.833000,2.901000,2.901000,200061
2017-03-09,2.913000,2.990000,2.889000,2.974000,2.974000,178683
2017-03-10,2.987000,3.043000,2.966000,3.008000,3.008000,162566
2017-03-12,null,null,null,null,null,null
2017-03-13,3.083000,3.089000,2.990000,3.043000,3.043000,140782
2017-03-14,3.018000,3.063000,2.927000,2.938000,2.938000,156658
2017-03-15,2.949000,3.006000,2.923000,2.981000,2.981000,119225
2017-03-16,2.974000,2.976000,2.888000,2.902000,2.902000,175334
2017-03-17,2.908000,2.965000,2.882000,2.948000,2.948000,102589
2017-03-19,null,null,null,null,null,null
2017-03-20,2.913000,3.085000,2.902000,3.041000,3.041000,133705
2017-03-21,3.080000,3.113000,3.033000,3.093000,3.093000,138763
2017-03-22,3.082000,3.095000,3.007000,3.011000,3.011000,125475
2017-03-23,3.020000,3.063000,2.986000,3.051000,3.051000,147427
2017-03-24,3.050000,3.092000,3.016000,3.076000,3.076000,102120
2017-03-26,null,null,null,null,null,null
2017-03-27,3.119000,3.133000,3.043000,3.052000,3.052000,59543
2017-03-28,3.046000,3.104000,3.011000,3.096000,3.096000,53195
2017-03-29,3.089000,3.183000,3.082000,3.175000,3.175000,158644
2017-03-30,3.210000,3.237000,3.141000,3.191000,3.191000,133288
2017-03-31,3.199000,3.242000,3.163000,3.190000,3.190000,114819
2017-04-02,null,null,null,null,null,null
2017-04-03,3.217000,3.239000,3.125000,3.128000,3.128000,124588
2017-04-04,3.145000,3.301000,3.121000,3.293000,3.293000,232924
2017-04-05,3.293000,3.347000,3.254000,3.266000,3.266000,165274
2017-04-06,3.269000,3.337000,3.235000,3.331000,3.331000,165907
2017-04-07,3.307000,3.340000,3.246000,3.261000,3.261000,170783
2017-04-09,null,null,null,null,null,null
2017-04-10,3.240000,3.293000,3.228000,3.238000,3.238000,141822
2017-04-11,3.243000,3.268000,3.141000,3.150000,3.150000,201474
2017-04-12,3.168000,3.197000,3.132000,3.187000,3.187000,174009
2017-04-13,3.182000,3.243000,3.149000,3.227000,3.227000,182106
2017-04-16,null,null,null,null,null,null
2017-04-17,3.229000,3.249000,3.158000,3.163000,3.163000,147638
2017-04-18,3.164000,3.182000,3.114000,3.145000,3.145000,138628
2017-04-19,3.150000,3.223000,3.143000,3.185000,3.185000,158318
2017-04-20,3.191000,3.219000,3.134000,3.159000,3.159000,125995
2017-04-21,3.168000,3.185000,3.082000,3.101000,3.101000,114899
2017-04-23,null,null,null,null,null,null
2017-04-24,3.094000,3.149000,3.031000,3.066000,3.066000,67850
2017-04-25,3.064000,3.083000,3.022000,3.043000,3.043000,64754
2017-04-26,3.052000,3.170000,3.031000,3.142000,3.142000,199772
2017-04-27,3.255000,3.266000,3.207000,3.239000,3.239000,139117
2017-04-28,3.240000,3.298000,3.229000,3.276000,3.276000,117649
2017-04-30,null,null,null,null,null,null
2017-05-01,3.249000,3.313000,3.198000,3.215000,3.215000,128608
2017-05-02,3.231000,3.273000,3.178000,3.195000,3.195000,141615
2017-05-03,3.185000,3.233000,3.175000,3.228000,3.228000,89628
2017-05-04,3.220000,3.254000,3.165000,3.186000,3.186000,140033
2017-05-05,3.199000,3.282000,3.183000,3.266000,3.266000,150649
2017-05-07,null,null,null,null,null,null
2017-05-08,3.243000,3.265000,3.140000,3.172000,3.172000,196689
2017-05-09,3.178000,3.246000,3.173000,3.227000,3.227000,170982
2017-05-10,3.214000,3.349000,3.202000,3.292000,3.292000,223188
2017-05-11,3.278000,3.388000,3.273000,3.376000,3.376000,199191
2017-05-12,3.368000,3.431000,3.350000,3.424000,3.424000,150243
2017-05-14,null,null,null,null,null,null
2017-05-15,3.387000,3.408000,3.334000,3.349000,3.349000,142311
2017-05-16,3.359000,3.369000,3.216000,3.230000,3.230000,203407
2017-05-17,3.231000,3.269000,3.165000,3.192000,3.192000,147282
2017-05-18,3.209000,3.242000,3.161000,3.182000,3.182000,153415
2017-05-19,3.184000,3.270000,3.181000,3.256000,3.256000,143461
2017-05-21,null,null,null,null,null,null
2017-05-22,3.291000,3.334000,3.279000,3.330000,3.330000,132558
2017-05-23,3.325000,3.333000,3.211000,3.219000,3.219000,131858
2017-05-24,3.234000,3.252000,3.176000,3.209000,3.209000,51800
2017-05-25,3.204000,3.257000,3.145000,3.184000,3.184000,45800
2017-05-26,3.186000,3.263000,3.167000,3.236000,3.236000,140943
2017-05-28,null,null,null,null,null,null
2017-05-30,3.250000,3.255000,3.141000,3.145000,3.145000,215155
2017-05-31,3.146000,3.172000,3.061000,3.071000,3.071000,208510
2017-06-01,3.080000,3.128000,2.988000,3.008000,3.008000,236236
2017-06-02,3.051000,3.051000,2.989000,2.999000,2.999000,147329
2017-06-04,null,null,null,null,null,null
2017-06-05,3.026000,3.047000,2.935000,2.982000,2.982000,148450
2017-06-06,2.982000,3.063000,2.972000,3.042000,3.042000,139905
2017-06-07,3.061000,3.095000,3.010000,3.020000,3.020000,179726
2017-06-08,3.019000,3.068000,2.978000,3.028000,3.028000,205114
2017-06-09,3.034000,3.066000,3.028000,3.039000,3.039000,138973
2017-06-11,null,null,null,null,null,null
2017-06-12,3.032000,3.087000,3.001000,3.024000,3.024000,163496
2017-06-13,3.011000,3.065000,2.949000,2.966000,2.966000,224042
2017-06-14,2.962000,2.989000,2.916000,2.933000,2.933000,164623
2017-06-15,2.943000,3.066000,2.929000,3.056000,3.056000,195042
2017-06-16,3.049000,3.082000,3.021000,3.037000,3.037000,121174
2017-06-18,null,null,null,null,null,null
2017-06-19,2.966000,2.971000,2.877000,2.894000,2.894000,155300
2017-06-20,2.897000,2.913000,2.879000,2.907000,2.907000,112908
2017-06-21,2.897000,2.948000,2.878000,2.893000,2.893000,141997
2017-06-22,2.896000,2.962000,2.855000,2.894000,2.894000,150925
2017-06-23,2.898000,2.940000,2.895000,2.929000,2.929000,99800
2017-06-25,null,null,null,null,null,null
2017-06-26,2.990000,3.052000,2.975000,3.027000,3.027000,61783
2017-06-27,3.049000,3.060000,3.012000,3.037000,3.037000,48460
2017-06-28,3.020000,3.080000,3.016000,3.067000,3.067000,119296
2017-06-29,3.080000,3.122000,3.032000,3.042000,3.042000,156622
2017-06-30,3.037000,3.052000,2.974000,3.035000,3.035000,152129
2017-07-02,null,null,null,null,null,null
2017-07-03,null,null,null,null,null,null
2017-07-05,2.952000,3.020000,2.832000,2.840000,2.840000,239392
2017-07-06,2.857000,2.893000,2.849000,2.888000,2.888000,147746
2017-07-07,2.899000,2.947000,2.847000,2.864000,2.864000,156392
2017-07-09,null,null,null,null,null,null
2017-07-10,2.898000,2.946000,2.870000,2.929000,2.929000,164958
2017-07-11,2.925000,3.053000,2.921000,3.047000,3.047000,203416
2017-07-12,3.035000,3.043000,2.970000,2.985000,2.985000,180109
2017-07-13,2.992000,3.020000,2.947000,2.961000,2.961000,172378
2017-07-14,2.959000,3.000000,2.928000,2.980000,2.980000,151634
2017-07-16,null,null,null,null,null,null
2017-07-17,2.982000,3.049000,2.980000,3.020000,3.020000,114340
2017-07-18,3.022000,3.094000,3.020000,3.088000,3.088000,133413
2017-07-19,3.082000,3.103000,3.062000,3.066000,3.066000,101880
2017-07-20,3.066000,3.114000,3.017000,3.043000,3.043000,177683
2017-07-21,3.030000,3.044000,2.938000,2.970000,2.970000,158256
2017-07-23,null,null,null,null,null,null
2017-07-24,2.914000,2.955000,2.880000,2.899000,2.899000,128436
2017-07-25,2.907000,2.950000,2.899000,2.944000,2.944000,50576
2017-07-26,2.944000,2.965000,2.895000,2.924000,2.924000,45379
2017-07-27,2.926000,2.998000,2.904000,2.969000,2.969000,175911
2017-07-28,2.958000,2.983000,2.923000,2.941000,2.941000,83193
2017-07-30,null,null,null,null,null,null
2017-07-31,2.900000,2.900000,2.781000,2.794000,2.794000,176226
2017-08-01,2.810000,2.835000,2.761000,2.819000,2.819000,151158
2017-08-02,2.815000,2.837000,2.785000,2.811000,2.811000,111069
2017-08-03,2.811000,2.846000,2.790000,2.800000,2.800000,125787
2017-08-04,2.792000,2.800000,2.753000,2.774000,2.774000,100740
2017-08-06,null,null,null,null,null,null
2017-08-07,2.772000,2.812000,2.764000,2.801000,2.801000,144959
2017-08-08,2.805000,2.832000,2.783000,2.822000,2.822000,134191
2017-08-09,2.811000,2.899000,2.800000,2.883000,2.883000,184358
2017-08-10,2.877000,2.995000,2.872000,2.985000,2.985000,262157
2017-08-11,2.976000,2.997000,2.962000,2.983000,2.983000,137469
2017-08-13,null,null,null,null,null,null
2017-08-14,3.005000,3.018000,2.925000,2.959000,2.959000,130569
2017-08-15,2.961000,2.972000,2.919000,2.935000,2.935000,103177
2017-08-16,2.920000,2.933000,2.883000,2.890000,2.890000,135731
2017-08-17,2.891000,2.939000,2.856000,2.929000,2.929000,158462
2017-08-18,2.917000,2.928000,2.885000,2.893000,2.893000,83316
2017-08-20,null,null,null,null,null,null
2017-08-21,2.894000,2.980000,2.867000,2.962000,2.962000,171194
2017-08-22,2.963000,3.006000,2.927000,2.939000,2.939000,151718
2017-08-23,2.935000,2.957000,2.900000,2.928000,2.928000,104361
2017-08-24,2.926000,2.982000,2.917000,2.949000,2.949000,105193
2017-08-25,2.947000,2.952000,2.881000,2.892000,2.892000,53985
2017-08-27,null,null,null,null,null,null
2017-08-28,2.924000,2.967000,2.849000,2.925000,2.925000,48077
2017-08-29,2.915000,2.998000,2.900000,2.961000,2.961000,106590
2017-08-30,2.973000,2.980000,2.928000,2.939000,2.939000,106590
2017-08-31,2.945000,3.045000,2.908000,3.040000,3.040000,96502
2017-09-01,3.027000,3.088000,2.998000,3.070000,3.070000,241062
2017-09-03,null,null,null,null,null,null
2017-09-05,3.013000,3.059000,2.965000,2.972000,2.972000,179193
2017-09-06,2.970000,3.031000,2.960000,3.000000,3.000000,145052
2017-09-07,3.008000,3.030000,2.968000,2.981000,2.981000,137126
2017-09-08,2.972000,2.975000,2.885000,2.890000,2.890000,204842
2017-09-10,null,null,null,null,null,null
2017-09-11,2.910000,2.953000,2.899000,2.950000,2.950000,164090
2017-09-12,2.950000,3.043000,2.936000,3.001000,3.001000,248747
2017-09-13,2.996000,3.078000,2.995000,3.058000,3.058000,191192
2017-09-14,3.059000,3.106000,3.036000,3.070000,3.070000,204316
2017-09-15,3.065000,3.074000,3.006000,3.024000,3.024000,144121
2017-09-17,null,null,null,null,null,null
2017-09-18,3.049000,3.157000,3.049000,3.146000,3.146000,209884
2017-09-19,3.151000,3.166000,3.112000,3.122000,3.122000,156610
2017-09-20,3.118000,3.148000,3.077000,3.094000,3.094000,172959
2017-09-21,3.081000,3.091000,2.942000,2.946000,2.946000,271675
2017-09-22,2.957000,2.978000,2.945000,2.959000,2.959000,109531
2017-09-24,null,null,null,null,null,null
2017-09-25,2.932000,2.986000,2.911000,2.919000,2.919000,73229
2017-09-26,2.921000,2.955000,2.898000,2.918000,2.918000,54994
2017-09-27,2.917000,2.989000,2.912000,2.974000,2.974000,195939
2017-09-28,3.059000,3.081000,3.001000,3.017000,3.017000,192444
2017-09-29,3.022000,3.044000,2.992000,3.007000,3.007000,117984
2017-10-01,null,null,null,null,null,null
2017-10-02,3.018000,3.025000,2.889000,2.916000,2.916000,251481
2017-10-03,2.925000,2.935000,2.880000,2.895000,2.895000,151617
2017-10-04,2.905000,2.977000,2.898000,2.940000,2.940000,160561
2017-10-05,2.934000,2.995000,2.894000,2.923000,2.923000,180003
2017-10-06,2.895000,2.917000,2.856000,2.863000,2.863000,226636
2017-10-08,null,null,null,null,null,null
2017-10-09,2.859000,2.886000,2.827000,2.833000,2.833000,174730
2017-10-10,2.836000,2.896000,2.833000,2.891000,2.891000,201266
2017-10-11,2.882000,2.962000,2.876000,2.889000,2.889000,224270
2017-10-12,2.906000,3.008000,2.895000,2.989000,2.989000,308993
2017-10-13,2.995000,3.036000,2.984000,3.000000,3.000000,179590
2017-10-15,null,null,null,null,null,null
2017-10-16,2.960000,2.977000,2.908000,2.946000,2.946000,179558
2017-10-17,2.955000,3.026000,2.921000,2.962000,2.962000,202672
2017-10-18,2.923000,2.941000,2.851000,2.854000,2.854000,205285
2017-10-19,2.868000,2.910000,2.773000,2.873000,2.873000,295772
2017-10-20,2.886000,2.940000,2.856000,2.915000,2.915000,225039
2017-10-22,null,null,null,null,null,null
2017-10-23,3.001000,3.017000,2.948000,2.991000,2.991000,178926
2017-10-24,2.971000,3.004000,2.960000,2.974000,2.974000,112764
2017-10-25,2.991000,2.999000,2.913000,2.919000,2.919000,65776
2017-10-26,2.929000,2.941000,2.867000,2.890000,2.890000,50113
2017-10-27,2.899000,2.899000,2.723000,2.752000,2.752000,241052
2017-10-29,null,null,null,null,null,null
2017-10-30,2.938000,3.006000,2.936000,2.966000,2.966000,124090
2017-10-31,2.988000,3.005000,2.882000,2.896000,2.896000,194986
2017-11-01,2.906000,2.929000,2.847000,2.893000,2.893000,189880
2017-11-02,2.900000,2.957000,2.881000,2.935000,2.935000,184935
2017-11-03,2.935000,2.998000,2.930000,2.984000,2.984000,143210
2017-11-05,null,null,null,null,null,null
2017-11-06,3.085000,3.143000,3.051000,3.134000,3.134000,267645
2017-11-07,3.125000,3.176000,3.088000,3.152000,3.152000,247518
2017-11-08,3.151000,3.190000,3.114000,3.175000,3.175000,210306
2017-11-09,3.152000,3.217000,3.152000,3.200000,3.200000,247726
2017-11-10,3.208000,3.224000,3.171000,3.213000,3.213000,179748
2017-11-12,null,null,null,null,null,null
2017-11-13,3.200000,3.231000,3.127000,3.167000,3.167000,208595
2017-11-14,3.141000,3.149000,3.064000,3.102000,3.102000,219937
2017-11-15,3.078000,3.153000,3.052000,3.080000,3.080000,192702
2017-11-16,3.087000,3.110000,3.046000,3.053000,3.053000,186922
2017-11-17,3.072000,3.134000,3.059000,3.097000,3.097000,191293
2017-11-19,null,null,null,null,null,null
2017-11-20,3.070000,3.089000,3.026000,3.047000,3.047000,160174
2017-11-21,3.032000,3.064000,3.012000,3.017000,3.017000,133594
2017-11-22,3.013000,3.027000,2.955000,2.968000,2.968000,139397
2017-11-24,null,null,null,null,null,null
2017-11-26,null,null,null,null,null,null
2017-11-27,2.927000,2.950000,2.876000,2.928000,2.928000,56306
2017-11-28,2.947000,3.102000,2.945000,3.074000,3.074000,271472
2017-11-29,3.131000,3.218000,3.127000,3.179000,3.179000,230343
2017-11-30,3.175000,3.194000,3.008000,3.025000,3.025000,317425
2017-12-01,3.032000,3.117000,3.029000,3.061000,3.061000,213443
2017-12-03,null,null,null,null,null,null
2017-12-04,3.091000,3.127000,2.953000,2.985000,2.985000,238226
2017-12-05,2.976000,2.998000,2.875000,2.914000,2.914000,240838
2017-12-06,2.910000,2.961000,2.884000,2.922000,2.922000,178775
2017-12-07,2.910000,2.922000,2.747000,2.763000,2.763000,392520
2017-12-08,2.769000,2.820000,2.757000,2.772000,2.772000,233766
2017-12-10,null,null,null,null,null,null
2017-12-11,2.831000,2.848000,2.793000,2.828000,2.828000,196702
2017-12-12,2.801000,2.844000,2.673000,2.678000,2.678000,312864
2017-12-13,2.696000,2.751000,2.656000,2.715000,2.715000,256783
2017-12-14,2.704000,2.717000,2.643000,2.684000,2.684000,205087
2017-12-15,2.686000,2.732000,2.581000,2.612000,2.612000,190914
2017-12-17,null,null,null,null,null,null
2017-12-18,2.650000,2.778000,2.634000,2.745000,2.745000,231827
2017-12-19,2.734000,2.769000,2.688000,2.692000,2.692000,219344
2017-12-20,2.722000,2.756000,2.610000,2.637000,2.637000,183119
2017-12-21,2.654000,2.669000,2.568000,2.598000,2.598000,177652
2017-12-22,2.620000,2.682000,2.583000,2.667000,2.667000,68187
2017-12-24,null,null,null,null,null,null
2017-12-26,2.708000,2.780000,2.630000,2.643000,2.643000,81462
2017-12-27,2.639000,2.762000,2.598000,2.738000,2.738000,175025
2017-12-28,2.749000,2.945000,2.734000,2.914000,2.914000,313122
2017-12-29,2.930000,3.008000,2.920000,2.953000,2.953000,272657
2017-12-31,null,null,null,null,null,null
2018-01-02,3.030000,3.097000,2.923000,3.056000,3.056000,320176
2018-01-03,3.040000,3.056000,2.959000,3.008000,3.008000,269889
2018-01-04,3.015000,3.070000,2.840000,2.880000,2.880000,319705
2018-01-05,2.877000,2.887000,2.746000,2.795000,2.795000,230946
2018-01-07,null,null,null,null,null,null
2018-01-08,2.812000,2.869000,2.784000,2.835000,2.835000,228242
2018-01-09,2.838000,2.966000,2.825000,2.923000,2.923000,288553
2018-01-10,2.962000,2.989000,2.869000,2.906000,2.906000,254155
2018-01-11,2.906000,3.139000,2.884000,3.084000,3.084000,405113
2018-01-12,3.137000,3.224000,3.070000,3.200000,3.200000,415933
2018-01-14,null,null,null,null,null,null
2018-01-16,3.131000,3.176000,3.039000,3.129000,3.129000,332451
2018-01-17,3.125000,3.288000,3.098000,3.232000,3.232000,283967
2018-01-18,3.251000,3.260000,3.070000,3.189000,3.189000,293577
2018-01-19,3.198000,3.246000,3.133000,3.185000,3.185000,224665
2018-01-21,null,null,null,null,null,null
2018-01-22,3.252000,3.269000,3.143000,3.224000,3.224000,201676
2018-01-23,3.254000,3.628000,3.249000,3.444000,3.444000,291378
2018-01-24,3.541000,3.624000,3.404000,3.509000,3.509000,213630
2018-01-25,3.439000,3.581000,3.398000,3.447000,3.447000,84785
2018-01-26,3.437000,3.611000,3.410000,3.505000,3.505000,75224
2018-01-28,null,null,null,null,null,null
2018-01-29,3.390000,3.661000,3.297000,3.631000,3.631000,265222
2018-01-30,3.187000,3.259000,3.161000,3.195000,3.195000,257758
2018-01-31,3.165000,3.183000,2.949000,2.995000,2.995000,334638
2018-02-01,2.956000,2.978000,2.837000,2.856000,2.856000,359410
2018-02-02,2.891000,2.920000,2.840000,2.846000,2.846000,184073
2018-02-04,null,null,null,null,null,null
2018-02-05,2.825000,2.880000,2.736000,2.747000,2.747000,200176
2018-02-06,2.767000,2.785000,2.695000,2.759000,2.759000,185164
2018-02-07,2.761000,2.782000,2.688000,2.702000,2.702000,220437
2018-02-08,2.702000,2.758000,2.681000,2.697000,2.697000,191585
2018-02-09,2.694000,2.704000,2.576000,2.584000,2.584000,236204
2018-02-11,null,null,null,null,null,null
2018-02-12,2.554000,2.607000,2.538000,2.552000,2.552000,196427
2018-02-13,2.566000,2.642000,2.562000,2.594000,2.594000,203096
2018-02-14,2.608000,2.623000,2.553000,2.587000,2.587000,175161
2018-02-15,2.613000,2.623000,2.530000,2.580000,2.580000,163821
2018-02-16,2.584000,2.589000,2.539000,2.558000,2.558000,112338
2018-02-18,null,null,null,null,null,null
2018-02-20,2.568000,2.662000,2.562000,2.616000,2.616000,147855
2018-02-21,2.638000,2.680000,2.565000,2.659000,2.659000,125222
2018-02-22,2.657000,2.670000,2.607000,2.634000,2.634000,60419
2018-02-23,2.619000,2.633000,2.555000,2.625000,2.625000,66996
2018-02-25,null,null,null,null,null,null
2018-02-26,2.635000,2.680000,2.586000,2.639000,2.639000,158112
2018-02-27,2.682000,2.702000,2.633000,2.683000,2.683000,122830
2018-02-28,2.693000,2.710000,2.659000,2.667000,2.667000,133147
2018-03-01,2.668000,2.731000,2.642000,2.698000,2.698000,206388
2018-03-02,2.693000,2.728000,2.686000,2.695000,2.695000,137999
2018-03-04,null,null,null,null,null,null
2018-03-05,2.717000,2.726000,2.673000,2.704000,2.704000,118016
2018-03-06,2.706000,2.757000,2.702000,2.749000,2.749000,132005
2018-03-07,2.750000,2.789000,2.744000,2.777000,2.777000,144973
2018-03-08,2.786000,2.793000,2.737000,2.756000,2.756000,148183
2018-03-09,2.742000,2.752000,2.712000,2.732000,2.732000,131468
2018-03-11,null,null,null,null,null,null
2018-03-12,2.731000,2.804000,2.718000,2.778000,2.778000,163455
2018-03-13,2.788000,2.811000,2.776000,2.786000,2.786000,146848
2018-03-14,2.787000,2.798000,2.710000,2.731000,2.731000,146222
2018-03-15,2.738000,2.750000,2.664000,2.681000,2.681000,147708
2018-03-16,2.685000,2.701000,2.667000,2.688000,2.688000,78672
2018-03-18,null,null,null,null,null,null
2018-03-19,2.683000,2.710000,2.640000,2.651000,2.651000,115506
2018-03-20,2.660000,2.695000,2.650000,2.675000,2.675000,126457
2018-03-21,2.677000,2.708000,2.634000,2.638000,2.638000,135651
2018-03-22,2.648000,2.667000,2.611000,2.617000,2.617000,103060
2018-03-23,2.619000,2.627000,2.579000,2.591000,2.591000,57008
2018-03-25,null,null,null,null,null,null
2018-03-26,2.588000,2.642000,2.565000,2.618000,2.618000,52520
2018-03-27,2.631000,2.707000,2.623000,2.691000,2.691000,148928
2018-03-28,2.718000,2.731000,2.690000,2.698000,2.698000,85532
2018-03-29,2.706000,2.764000,2.698000,2.733000,2.733000,160014
2018-04-01,null,null,null,null,null,null
2018-04-02,2.730000,2.759000,2.650000,2.683000,2.683000,165214
2018-04-03,2.679000,2.707000,2.667000,2.697000,2.697000,112561
2018-04-04,2.696000,2.746000,2.675000,2.718000,2.718000,139580
2018-04-05,2.712000,2.715000,2.651000,2.675000,2.675000,160236
2018-04-06,2.680000,2.717000,2.675000,2.701000,2.701000,135394
2018-04-08,null,null,null,null,null,null
2018-04-09,2.679000,2.704000,2.640000,2.693000,2.693000,220804
2018-04-10,2.699000,2.726000,2.643000,2.656000,2.656000,219226
2018-04-11,2.661000,2.690000,2.621000,2.675000,2.675000,180073
2018-04-12,2.675000,2.700000,2.647000,2.686000,2.686000,179513
2018-04-13,2.689000,2.760000,2.674000,2.735000,2.735000,167242
2018-04-15,null,null,null,null,null,null
2018-04-16,2.753000,2.779000,2.739000,2.752000,2.752000,116448
2018-04-17,2.747000,2.761000,2.711000,2.738000,2.738000,94016
2018-04-18,2.741000,2.790000,2.734000,2.739000,2.739000,128915
2018-04-19,2.744000,2.751000,2.658000,2.660000,2.660000,233754
2018-04-20,2.675000,2.746000,2.658000,2.739000,2.739000,162640
2018-04-22,null,null,null,null,null,null
2018-04-23,2.745000,2.757000,2.706000,2.740000,2.740000,110246
2018-04-24,2.745000,2.789000,2.728000,2.781000,2.781000,63431
2018-04-25,2.782000,2.798000,2.755000,2.786000,2.786000,57673
2018-04-26,2.787000,2.839000,2.779000,2.821000,2.821000,159934
2018-04-27,2.826000,2.834000,2.768000,2.771000,2.771000,129328
2018-04-29,null,null,null,null,null,null
2018-04-30,2.763000,2.778000,2.728000,2.763000,2.763000,128248
2018-05-01,2.764000,2.820000,2.759000,2.802000,2.802000,166920
2018-05-02,2.805000,2.811000,2.745000,2.754000,2.754000,126751
2018-05-03,2.759000,2.773000,2.700000,2.726000,2.726000,161671
2018-05-04,2.731000,2.742000,2.702000,2.711000,2.711000,113276
2018-05-06,null,null,null,null,null,null
2018-05-07,2.710000,2.770000,2.695000,2.741000,2.741000,160122
2018-05-08,2.736000,2.773000,2.706000,2.732000,2.732000,153614
2018-05-09,2.739000,2.759000,2.725000,2.737000,2.737000,117167
2018-05-10,2.736000,2.820000,2.709000,2.814000,2.814000,242955
2018-05-11,2.808000,2.820000,2.793000,2.806000,2.806000,119502
2018-05-13,null,null,null,null,null,null
2018-05-14,2.825000,2.847000,2.798000,2.842000,2.842000,130605
2018-05-15,2.834000,2.864000,2.824000,2.836000,2.836000,107086
2018-05-16,2.827000,2.844000,2.809000,2.815000,2.815000,105943
2018-05-17,2.817000,2.862000,2.780000,2.859000,2.859000,182971
2018-05-18,2.853000,2.870000,2.832000,2.847000,2.847000,110778
2018-05-20,null,null,null,null,null,null
2018-05-21,2.826000,2.847000,2.806000,2.810000,2.810000,127049
2018-05-22,2.827000,2.917000,2.816000,2.908000,2.908000,181131
2018-05-23,2.902000,2.939000,2.898000,2.914000,2.914000,111803
2018-05-24,2.924000,2.941000,2.904000,2.940000,2.940000,66352
2018-05-25,2.931000,2.964000,2.912000,2.939000,2.939000,77032
2018-05-27,null,null,null,null,null,null
2018-05-29,2.960000,2.960000,2.838000,2.875000,2.875000,212197
2018-05-30,2.901000,2.906000,2.867000,2.885000,2.885000,103499
2018-05-31,2.891000,2.988000,2.887000,2.952000,2.952000,192343
2018-06-01,2.951000,2.983000,2.932000,2.962000,2.962000,90936
2018-06-03,null,null,null,null,null,null
2018-06-04,2.974000,2.980000,2.923000,2.930000,2.930000,100049
2018-06-05,2.920000,2.931000,2.874000,2.890000,2.890000,122194
2018-06-06,2.888000,2.912000,2.873000,2.896000,2.896000,106066
2018-06-07,2.900000,2.987000,2.896000,2.930000,2.930000,213147
2018-06-08,2.934000,2.936000,2.875000,2.890000,2.890000,158581
2018-06-10,null,null,null,null,null,null
2018-06-11,2.927000,2.966000,2.912000,2.949000,2.949000,192022
2018-06-12,2.954000,2.988000,2.917000,2.939000,2.939000,170252
2018-06-13,2.941000,2.979000,2.916000,2.963000,2.963000,163496
2018-06-14,2.958000,2.976000,2.930000,2.965000,2.965000,128821
2018-06-15,2.958000,3.034000,2.930000,3.022000,3.022000,169685
2018-06-17,null,null,null,null,null,null
2018-06-18,3.051000,3.053000,2.945000,2.951000,2.951000,164885
2018-06-19,2.952000,2.955000,2.887000,2.900000,2.900000,148888
2018-06-20,2.918000,2.969000,2.912000,2.964000,2.964000,141781
2018-06-21,2.966000,3.012000,2.947000,2.975000,2.975000,129672
2018-06-22,2.982000,2.991000,2.926000,2.945000,2.945000,101303
2018-06-24,null,null,null,null,null,null
2018-06-25,2.926000,2.943000,2.897000,2.923000,2.923000,54241
2018-06-26,2.931000,2.955000,2.907000,2.939000,2.939000,39903
2018-06-27,2.954000,3.007000,2.950000,2.996000,2.996000,161502
2018-06-28,2.988000,3.021000,2.930000,2.940000,2.940000,157118
2018-06-29,2.951000,2.954000,2.910000,2.924000,2.924000,116419
2018-07-01,null,null,null,null,null,null
2018-07-02,2.920000,2.927000,2.852000,2.862000,2.862000,165518
2018-07-03,null,null,null,null,null,null
2018-07-05,2.842000,2.884000,2.826000,2.837000,2.837000,128995
2018-07-06,2.830000,2.862000,2.824000,2.858000,2.858000,105972
2018-07-08,null,null,null,null,null,null
2018-07-09,2.839000,2.865000,2.817000,2.828000,2.828000,126582
2018-07-10,2.829000,2.835000,2.782000,2.788000,2.788000,127274
2018-07-11,2.787000,2.832000,2.780000,2.829000,2.829000,111015
2018-07-12,2.822000,2.827000,2.789000,2.797000,2.797000,114889
2018-07-13,2.802000,2.812000,2.750000,2.752000,2.752000,134285
2018-07-15,null,null,null,null,null,null
2018-07-16,2.765000,2.778000,2.735000,2.759000,2.759000,110054
2018-07-17,2.768000,2.788000,2.731000,2.740000,2.740000,109351
2018-07-18,2.744000,2.754000,2.720000,2.721000,2.721000,111413
2018-07-19,2.731000,2.776000,2.704000,2.769000,2.769000,134437
2018-07-20,2.767000,2.784000,2.754000,2.757000,2.757000,92132
2018-07-22,null,null,null,null,null,null
2018-07-23,2.737000,2.741000,2.713000,2.721000,2.721000,109970
2018-07-24,2.723000,2.744000,2.710000,2.732000,2.732000,78517
2018-07-25,2.739000,2.780000,2.735000,2.775000,2.775000,45441
2018-07-26,2.777000,2.799000,2.769000,2.780000,2.780000,44274
2018-07-27,2.775000,2.831000,2.769000,2.822000,2.822000,104665
2018-07-29,null,null,null,null,null,null
2018-07-30,2.794000,2.814000,2.766000,2.797000,2.797000,124253
2018-07-31,2.801000,2.831000,2.772000,2.782000,2.782000,154916
2018-08-01,2.780000,2.788000,2.744000,2.758000,2.758000,118788
2018-08-02,2.745000,2.828000,2.740000,2.816000,2.816000,175996
2018-08-03,2.819000,2.862000,2.814000,2.853000,2.853000,150124
2018-08-05,null,null,null,null,null,null
2018-08-06,2.851000,2.865000,2.822000,2.860000,2.860000,99786
2018-08-07,2.861000,2.900000,2.857000,2.897000,2.897000,153532
2018-08-08,2.893000,2.951000,2.884000,2.949000,2.949000,195739
2018-08-09,2.943000,2.959000,2.930000,2.955000,2.955000,177236
2018-08-10,2.946000,2.955000,2.917000,2.944000,2.944000,140737
2018-08-12,null,null,null,null,null,null
2018-08-13,2.936000,2.946000,2.897000,2.930000,2.930000,126594
2018-08-14,2.926000,2.974000,2.922000,2.959000,2.959000,123286
2018-08-15,2.952000,2.963000,2.930000,2.940000,2.940000,93169
2018-08-16,2.939000,2.949000,2.891000,2.908000,2.908000,125459
2018-08-17,2.908000,2.968000,2.908000,2.946000,2.946000,119417
2018-08-19,null,null,null,null,null,null
2018-08-20,2.940000,2.954000,2.903000,2.941000,2.941000,123494
2018-08-21,2.953000,2.991000,2.953000,2.980000,2.980000,112317
2018-08-22,2.991000,2.993000,2.953000,2.956000,2.956000,96252
2018-08-23,2.958000,2.982000,2.935000,2.964000,2.964000,106844
2018-08-24,2.972000,2.979000,2.911000,2.917000,2.917000,101424
2018-08-26,null,null,null,null,null,null
2018-08-27,2.908000,2.915000,2.874000,2.876000,2.876000,61681
2018-08-28,2.876000,2.883000,2.845000,2.852000,2.852000,41928
2018-08-29,2.857000,2.905000,2.843000,2.895000,2.895000,137941
2018-08-30,2.875000,2.890000,2.841000,2.874000,2.874000,116910
2018-08-31,2.886000,2.931000,2.882000,2.916000,2.916000,121714
2018-09-02,null,null,null,null,null,null
2018-09-04,2.862000,2.874000,2.812000,2.823000,2.823000,217010
2018-09-05,2.815000,2.843000,2.786000,2.795000,2.795000,138639
2018-09-06,2.793000,2.797000,2.765000,2.772000,2.772000,141042
2018-09-07,2.777000,2.785000,2.759000,2.776000,2.776000,112500
2018-09-09,null,null,null,null,null,null
2018-09-10,2.770000,2.814000,2.752000,2.804000,2.804000,160402
2018-09-11,2.807000,2.836000,2.785000,2.828000,2.828000,135665
2018-09-12,2.828000,2.869000,2.818000,2.829000,2.829000,156788
2018-09-13,2.824000,2.856000,2.805000,2.817000,2.817000,143259
2018-09-14,2.810000,2.814000,2.762000,2.767000,2.767000,151714
2018-09-16,null,null,null,null,null,null
2018-09-17,2.774000,2.830000,2.772000,2.814000,2.814000,174821
2018-09-18,2.814000,2.937000,2.811000,2.933000,2.933000,238589
2018-09-19,2.926000,2.948000,2.898000,2.908000,2.908000,148133
2018-09-20,2.904000,2.991000,2.886000,2.976000,2.976000,192073
2018-09-21,2.962000,2.989000,2.938000,2.977000,2.977000,118893
2018-09-23,null,null,null,null,null,null
2018-09-24,2.973000,3.048000,2.951000,3.038000,3.038000,80660
2018-09-25,3.043000,3.087000,3.020000,3.082000,3.082000,62946
2018-09-26,3.079000,3.088000,2.981000,3.021000,3.021000,227062
2018-09-27,2.972000,3.111000,2.963000,3.056000,3.056000,250438
2018-09-28,3.057000,3.062000,2.977000,3.008000,3.008000,166734
2018-09-30,null,null,null,null,null,null
2018-10-01,3.007000,3.117000,3.001000,3.094000,3.094000,202839
2018-10-02,3.114000,3.194000,3.109000,3.166000,3.166000,239367
2018-10-03,3.164000,3.261000,3.155000,3.230000,3.230000,207041
2018-10-04,3.238000,3.250000,3.129000,3.165000,3.165000,242158
2018-10-05,3.189000,3.224000,3.109000,3.143000,3.143000,199270
2018-10-07,null,null,null,null,null,null
2018-10-08,3.182000,3.294000,3.174000,3.267000,3.267000,233743
2018-10-09,3.281000,3.368000,3.237000,3.266000,3.266000,287648
2018-10-10,3.306000,3.358000,3.251000,3.284000,3.284000,236725
2018-10-11,3.276000,3.287000,3.153000,3.222000,3.222000,264678
2018-10-12,3.234000,3.270000,3.138000,3.161000,3.161000,176415
2018-10-14,null,null,null,null,null,null
2018-10-15,3.224000,3.273000,3.177000,3.242000,3.242000,159110
2018-10-16,3.258000,3.311000,3.210000,3.239000,3.239000,132488
2018-10-17,3.253000,3.340000,3.240000,3.320000,3.320000,157395
2018-10-18,3.319000,3.323000,3.193000,3.198000,3.198000,183520
2018-10-19,3.226000,3.258000,3.155000,3.250000,3.250000,142392
2018-10-21,null,null,null,null,null,null
2018-10-22,3.227000,3.247000,3.126000,3.138000,3.138000,172062
2018-10-23,3.134000,3.240000,3.111000,3.212000,3.212000,178745
2018-10-24,3.216000,3.250000,3.159000,3.166000,3.166000,113607
2018-10-25,3.185000,3.233000,3.153000,3.202000,3.202000,63881
2018-10-26,3.169000,3.203000,3.102000,3.185000,3.185000,64445
2018-10-28,null,null,null,null,null,null
2018-10-29,3.139000,3.199000,3.100000,3.185000,3.185000,144076
2018-10-30,3.184000,3.281000,3.166000,3.187000,3.187000,146788
2018-10-31,3.210000,3.294000,3.207000,3.261000,3.261000,175407
2018-11-01,3.284000,3.318000,3.216000,3.237000,3.237000,152755
2018-11-02,3.239000,3.313000,3.166000,3.284000,3.284000,168964
2018-11-04,null,null,null,null,null,null
2018-11-05,3.471000,3.576000,3.437000,3.567000,3.567000,307244
2018-11-06,3.550000,3.581000,3.514000,3.555000,3.555000,178558
2018-11-07,3.543000,3.560000,3.486000,3.555000,3.555000,173381
2018-11-08,3.530000,3.568000,3.493000,3.543000,3.543000,166771
2018-11-09,3.555000,3.824000,3.552000,3.719000,3.719000,288059
2018-11-11,null,null,null,null,null,null
2018-11-12,3.745000,3.954000,3.735000,3.788000,3.788000,243969
2018-11-13,3.934000,4.110000,3.902000,4.101000,4.101000,345403
2018-11-14,4.072000,4.929000,4.050000,4.837000,4.837000,459196
2018-11-15,4.672000,4.800000,3.882000,4.038000,4.038000,362508
2018-11-16,3.907000,4.390000,3.907000,4.272000,4.272000,270717
2018-11-18,null,null,null,null,null,null
2018-11-19,4.625000,4.779000,4.427000,4.700000,4.700000,264570
2018-11-20,4.583000,4.672000,4.274000,4.523000,4.523000,238948
2018-11-21,4.536000,4.864000,4.420000,4.451000,4.451000,197741
2018-11-23,null,null,null,null,null,null
2018-11-25,null,null,null,null,null,null
2018-11-26,4.068000,4.282000,3.990000,4.248000,4.248000,67981
2018-11-27,4.224000,4.325000,4.104000,4.262000,4.262000,62830
2018-11-28,4.199000,4.806000,4.190000,4.715000,4.715000,294417
2018-11-29,4.671000,4.674000,4.452000,4.646000,4.646000,191435
2018-11-30,4.584000,4.776000,4.473000,4.612000,4.612000,167700
2018-12-02,null,null,null,null,null,null
2018-12-03,4.527000,4.536000,4.243000,4.339000,4.339000,190568
2018-12-04,4.392000,4.574000,4.358000,4.457000,4.457000,159868
2018-12-06,4.450000,4.489000,4.271000,4.327000,4.327000,132563
2018-12-07,4.348000,4.570000,4.231000,4.488000,4.488000,182159
2018-12-09,null,null,null,null,null,null
2018-12-10,4.590000,4.666000,4.390000,4.545000,4.545000,190053
2018-12-11,4.507000,4.587000,4.348000,4.407000,4.407000,175748
2018-12-12,4.363000,4.407000,4.081000,4.136000,4.136000,198284
2018-12-13,4.096000,4.307000,4.050000,4.124000,4.124000,193403
2018-12-14,4.073000,4.094000,3.787000,3.827000,3.827000,163126
2018-12-16,null,null,null,null,null,null
2018-12-17,3.620000,3.742000,3.516000,3.528000,3.528000,142406
2018-12-18,3.596000,3.850000,3.566000,3.838000,3.838000,149555
2018-12-19,3.839000,3.893000,3.563000,3.726000,3.726000,136944
2018-12-20,3.732000,3.938000,3.572000,3.583000,3.583000,151305
2018-12-21,3.681000,3.829000,3.595000,3.816000,3.816000,99255
2018-12-23,null,null,null,null,null,null
2018-12-24,null,null,null,null,null,null
2018-12-26,3.456000,3.586000,3.315000,3.543000,3.543000,42121
2018-12-27,3.500000,3.666000,3.441000,3.642000,3.642000,144895
2018-12-28,3.507000,3.527000,3.278000,3.303000,3.303000,132470
2018-12-30,null,null,null,null,null,null
2018-12-31,3.125000,3.140000,2.930000,2.940000,2.940000,160853
2019-01-02,2.921000,3.039000,2.905000,2.958000,2.958000,147676
2019-01-03,2.963000,3.011000,2.878000,2.945000,2.945000,115803
2019-01-04,2.914000,3.049000,2.894000,3.044000,3.044000,122576
2019-01-06,null,null,null,null,null,null
2019-01-07,2.962000,2.994000,2.910000,2.944000,2.944000,109247
2019-01-08,2.950000,3.053000,2.948000,2.967000,2.967000,132229
2019-01-09,3.008000,3.019000,2.939000,2.984000,2.984000,120962
2019-01-10,2.990000,3.089000,2.961000,2.969000,2.969000,154176
2019-01-11,2.995000,3.166000,2.991000,3.099000,3.099000,135464
2019-01-13,null,null,null,null,null,null
2019-01-14,3.325000,3.618000,3.281000,3.591000,3.591000,224296
2019-01-15,3.631000,3.722000,3.433000,3.501000,3.501000,184629
2019-01-16,3.456000,3.696000,3.338000,3.384000,3.384000,191996
2019-01-17,3.412000,3.593000,3.367000,3.413000,3.413000,158111
2019-01-18,3.436000,3.499000,3.201000,3.482000,3.482000,160238
2019-01-20,null,null,null,null,null,null
2019-01-22,3.327000,3.361000,3.026000,3.040000,3.040000,183142
2019-01-23,3.058000,3.167000,2.957000,2.980000,2.980000,132844
2019-01-24,3.025000,3.156000,2.988000,3.099000,3.099000,97939
2019-01-25,3.160000,3.207000,3.047000,3.178000,3.178000,52017
2019-01-27,null,null,null,null,null,null
2019-01-28,2.926000,2.983000,2.888000,2.911000,2.911000,45802
2019-01-29,2.925000,2.970000,2.789000,2.950000,2.950000,163697
2019-01-30,2.909000,2.919000,2.846000,2.854000,2.854000,92035
2019-01-31,2.868000,2.918000,2.802000,2.814000,2.814000,130106
2019-02-01,2.832000,2.850000,2.730000,2.734000,2.734000,124495
2019-02-03,null,null,null,null,null,null
2019-02-04,2.705000,2.733000,2.655000,2.660000,2.660000,116490
2019-02-05,2.666000,2.708000,2.639000,2.662000,2.662000,82246
2019-02-06,2.685000,2.720000,2.651000,2.662000,2.662000,98332
2019-02-07,2.682000,2.691000,2.549000,2.551000,2.551000,211794
2019-02-08,2.573000,2.620000,2.558000,2.583000,2.583000,147876
2019-02-10,null,null,null,null,null,null
2019-02-11,2.650000,2.744000,2.638000,2.642000,2.642000,202418
2019-02-12,2.647000,2.698000,2.618000,2.688000,2.688000,169233
2019-02-13,2.665000,2.669000,2.558000,2.575000,2.575000,185480
2019-02-14,2.591000,2.613000,2.566000,2.573000,2.573000,101556
2019-02-15,2.572000,2.637000,2.543000,2.625000,2.625000,98409
2019-02-17,null,null,null,null,null,null
2019-02-19,2.621000,2.673000,2.600000,2.662000,2.662000,151748
2019-02-20,2.660000,2.689000,2.631000,2.636000,2.636000,110138
2019-02-21,2.646000,2.708000,2.639000,2.697000,2.697000,97901
2019-02-22,2.701000,2.726000,2.675000,2.717000,2.717000,35118
2019-02-24,null,null,null,null,null,null
2019-02-25,2.757000,2.851000,2.733000,2.836000,2.836000,80154
2019-02-26,2.843000,2.908000,2.816000,2.855000,2.855000,143686
2019-02-27,2.768000,2.812000,2.732000,2.799000,2.799000,94052
2019-02-28,2.808000,2.843000,2.787000,2.812000,2.812000,118344
2019-03-01,2.805000,2.872000,2.780000,2.859000,2.859000,134663
2019-03-03,null,null,null,null,null,null
2019-03-04,2.845000,2.888000,2.821000,2.857000,2.857000,103657
2019-03-05,2.856000,2.892000,2.841000,2.884000,2.884000,103057
2019-03-06,2.889000,2.896000,2.822000,2.841000,2.841000,119633
2019-03-07,2.845000,2.871000,2.812000,2.866000,2.866000,116999
2019-03-08,2.865000,2.895000,2.856000,2.865000,2.865000,85877
2019-03-10,null,null,null,null,null,null
2019-03-11,2.835000,2.841000,2.766000,2.772000,2.772000,136894
2019-03-12,2.779000,2.798000,2.752000,2.784000,2.784000,90018
2019-03-13,2.791000,2.839000,2.762000,2.820000,2.820000,101209
2019-03-14,2.833000,2.857000,2.824000,2.855000,2.855000,85276
2019-03-15,2.849000,2.856000,2.790000,2.795000,2.795000,82709
2019-03-17,null,null,null,null,null,null
2019-03-18,2.786000,2.857000,2.773000,2.850000,2.850000,102225
2019-03-19,2.845000,2.897000,2.835000,2.874000,2.874000,109752
2019-03-20,2.863000,2.872000,2.814000,2.820000,2.820000,114170
2019-03-21,2.830000,2.839000,2.796000,2.821000,2.821000,83786
2019-03-22,2.821000,2.824000,2.721000,2.753000,2.753000,92637
2019-03-24,null,null,null,null,null,null
2019-03-25,2.724000,2.766000,2.706000,2.755000,2.755000,49167
2019-03-26,2.759000,2.770000,2.728000,2.740000,2.740000,37149
2019-03-27,2.731000,2.732000,2.671000,2.713000,2.713000,135190
2019-03-28,2.723000,2.752000,2.707000,2.712000,2.712000,78720
2019-03-29,2.720000,2.728000,2.656000,2.662000,2.662000,115412
2019-03-31,null,null,null,null,null,null
2019-04-01,2.663000,2.733000,2.657000,2.708000,2.708000,129455
2019-04-02,2.706000,2.722000,2.673000,2.684000,2.684000,106553
2019-04-03,2.692000,2.697000,2.658000,2.677000,2.677000,96798
2019-04-04,2.673000,2.685000,2.636000,2.643000,2.643000,123663
2019-04-05,2.644000,2.680000,2.632000,2.664000,2.664000,120318
2019-04-07,null,null,null,null,null,null
2019-04-08,2.659000,2.721000,2.653000,2.708000,2.708000,154202
2019-04-09,2.709000,2.725000,2.680000,2.699000,2.699000,117345
2019-04-10,2.705000,2.729000,2.686000,2.700000,2.700000,127471
2019-04-11,2.702000,2.710000,2.652000,2.664000,2.664000,161210
2019-04-12,2.674000,2.688000,2.651000,2.660000,2.660000,88007
2019-04-14,null,null,null,null,null,null
2019-04-15,2.646000,2.653000,2.585000,2.590000,2.590000,137630
2019-04-16,2.589000,2.594000,2.570000,2.572000,2.572000,103427
2019-04-17,2.572000,2.582000,2.503000,2.517000,2.517000,144893
2019-04-18,2.506000,2.521000,2.478000,2.490000,2.490000,168002
2019-04-21,null,null,null,null,null,null
2019-04-22,2.494000,2.535000,2.484000,2.524000,2.524000,105447
2019-04-23,2.528000,2.535000,2.447000,2.455000,2.455000,119946
2019-04-24,2.453000,2.487000,2.450000,2.462000,2.462000,44970
2019-04-25,2.475000,2.520000,2.439000,2.514000,2.514000,53338
2019-04-26,2.501000,2.580000,2.477000,2.566000,2.566000,156419
2019-04-28,null,null,null,null,null,null
2019-04-29,2.578000,2.598000,2.546000,2.593000,2.593000,92362
2019-04-30,2.593000,2.614000,2.565000,2.575000,2.575000,94247
2019-05-01,2.572000,2.626000,2.561000,2.620000,2.620000,105388
2019-05-02,2.613000,2.618000,2.564000,2.589000,2.589000,120839
2019-05-03,2.589000,2.611000,2.553000,2.567000,2.567000,89976
2019-05-05,null,null,null,null,null,null
2019-05-06,2.565000,2.574000,2.516000,2.524000,2.524000,95205
2019-05-07,2.515000,2.556000,2.514000,2.537000,2.537000,115816
2019-05-08,2.542000,2.615000,2.536000,2.610000,2.610000,167088
2019-05-09,2.604000,2.607000,2.561000,2.595000,2.595000,123682
2019-05-10,2.590000,2.647000,2.574000,2.619000,2.619000,132054
2019-05-12,null,null,null,null,null,null
2019-05-13,2.616000,2.653000,2.598000,2.621000,2.621000,116272
2019-05-14,2.624000,2.670000,2.622000,2.659000,2.659000,92883
2019-05-15,2.651000,2.669000,2.595000,2.601000,2.601000,123118
2019-05-16,2.604000,2.647000,2.586000,2.639000,2.639000,113105
2019-05-17,2.636000,2.660000,2.616000,2.631000,2.631000,79764
2019-05-19,null,null,null,null,null,null
2019-05-20,2.626000,2.700000,2.625000,2.673000,2.673000,123606
2019-05-21,2.667000,2.668000,2.609000,2.613000,2.613000,144131
2019-05-22,2.619000,2.624000,2.538000,2.543000,2.543000,162715
2019-05-23,2.551000,2.589000,2.540000,2.578000,2.578000,118323
2019-05-24,2.579000,2.604000,2.542000,2.598000,2.598000,55425
2019-05-26,null,null,null,null,null,null
2019-05-28,2.597000,2.613000,2.535000,2.582000,2.582000,47430
2019-05-29,2.582000,2.643000,2.580000,2.633000,2.633000,151085
2019-05-30,2.619000,2.628000,2.534000,2.547000,2.547000,167474
2019-05-31,2.558000,2.573000,2.444000,2.454000,2.454000,198412
2019-06-02,null,null,null,null,null,null
2019-06-03,2.444000,2.475000,2.382000,2.403000,2.403000,204389
2019-06-04,2.413000,2.441000,2.381000,2.416000,2.416000,132766
2019-06-05,2.419000,2.426000,2.355000,2.378000,2.378000,109975
2019-06-06,2.371000,2.392000,2.305000,2.324000,2.324000,177943
2019-06-07,2.334000,2.355000,2.306000,2.337000,2.337000,154549
2019-06-09,null,null,null,null,null,null
2019-06-10,2.335000,2.365000,2.324000,2.357000,2.357000,169928
2019-06-11,2.361000,2.406000,2.336000,2.399000,2.399000,163811
2019-06-12,2.397000,2.406000,2.367000,2.386000,2.386000,148266
2019-06-13,2.381000,2.384000,2.320000,2.325000,2.325000,180143
2019-06-14,2.328000,2.399000,2.323000,2.387000,2.387000,132413
2019-06-16,null,null,null,null,null,null
2019-06-17,2.389000,2.418000,2.357000,2.386000,2.386000,120282
2019-06-18,2.373000,2.404000,2.318000,2.328000,2.328000,121404
2019-06-19,2.332000,2.358000,2.268000,2.276000,2.276000,173674
2019-06-20,2.280000,2.303000,2.159000,2.185000,2.185000,210065
2019-06-21,2.213000,2.222000,2.181000,2.186000,2.186000,92237
2019-06-23,null,null,null,null,null,null
2019-06-24,2.197000,2.316000,2.195000,2.303000,2.303000,67645
2019-06-25,2.303000,2.315000,2.255000,2.308000,2.308000,55013
2019-06-26,2.289000,2.324000,2.265000,2.291000,2.291000,125467
2019-06-27,2.271000,2.339000,2.265000,2.324000,2.324000,108695
2019-06-28,2.320000,2.364000,2.300000,2.308000,2.308000,116429
2019-06-30,null,null,null,null,null,null
2019-07-01,2.330000,2.331000,2.217000,2.267000,2.267000,149170
2019-07-02,2.266000,2.297000,2.232000,2.240000,2.240000,96732
2019-07-03,null,null,null,null,null,null
2019-07-05,2.287000,2.445000,2.263000,2.418000,2.418000,237736
2019-07-07,null,null,null,null,null,null
2019-07-08,2.460000,2.467000,2.369000,2.403000,2.403000,201734
2019-07-09,2.397000,2.437000,2.360000,2.425000,2.425000,202653
2019-07-10,2.429000,2.489000,2.416000,2.444000,2.444000,193978
2019-07-11,2.445000,2.487000,2.393000,2.416000,2.416000,213620
2019-07-12,2.410000,2.481000,2.397000,2.453000,2.453000,171931
2019-07-14,null,null,null,null,null,null
2019-07-15,2.462000,2.469000,2.383000,2.408000,2.408000,150758
2019-07-16,2.395000,2.408000,2.298000,2.306000,2.306000,148940
2019-07-17,2.318000,2.346000,2.290000,2.304000,2.304000,135144
2019-07-18,2.309000,2.355000,2.266000,2.287000,2.287000,173293
2019-07-19,2.290000,2.300000,2.242000,2.251000,2.251000,109057
2019-07-21,null,null,null,null,null,null
2019-07-22,2.242000,2.322000,2.233000,2.312000,2.312000,168620
2019-07-23,2.319000,2.328000,2.289000,2.300000,2.300000,106903
2019-07-24,2.290000,2.297000,2.212000,2.220000,2.220000,116590
2019-07-25,2.231000,2.261000,2.222000,2.244000,2.244000,47529
2019-07-26,2.240000,2.242000,2.165000,2.169000,2.169000,45839
2019-07-28,null,null,null,null,null,null
2019-07-29,2.175000,2.182000,2.120000,2.141000,2.141000,157689
2019-07-30,2.116000,2.142000,2.107000,2.137000,2.137000,91715
2019-07-31,2.138000,2.268000,2.127000,2.233000,2.233000,221834
2019-08-01,2.238000,2.333000,2.165000,2.202000,2.202000,251301
2019-08-02,2.169000,2.202000,2.077000,2.121000,2.121000,206336
2019-08-04,null,null,null,null,null,null
2019-08-05,2.078000,2.109000,2.029000,2.070000,2.070000,179226
2019-08-06,2.091000,2.133000,2.073000,2.111000,2.111000,142248
2019-08-07,2.103000,2.145000,2.074000,2.083000,2.083000,203419
2019-08-08,2.088000,2.155000,2.086000,2.128000,2.128000,191128
2019-08-09,2.124000,2.145000,2.064000,2.119000,2.119000,171907
2019-08-11,null,null,null,null,null,null
2019-08-12,2.124000,2.157000,2.095000,2.105000,2.105000,167913
2019-08-13,2.106000,2.175000,2.086000,2.147000,2.147000,199867
2019-08-14,2.159000,2.203000,2.122000,2.143000,2.143000,127365
2019-08-15,2.159000,2.267000,2.138000,2.232000,2.232000,206773
2019-08-16,2.220000,2.224000,2.170000,2.200000,2.200000,111985
2019-08-18,null,null,null,null,null,null
2019-08-19,2.164000,2.221000,2.134000,2.210000,2.210000,144757
2019-08-20,2.202000,2.231000,2.187000,2.218000,2.218000,107837
2019-08-21,2.214000,2.238000,2.157000,2.170000,2.170000,193526
2019-08-22,2.169000,2.195000,2.145000,2.159000,2.159000,113108
2019-08-23,2.150000,2.167000,2.120000,2.152000,2.152000,81623
2019-08-25,null,null,null,null,null,null
2019-08-26,2.169000,2.237000,2.159000,2.230000,2.230000,52780
2019-08-27,2.231000,2.233000,2.175000,2.202000,2.202000,63224
2019-08-28,2.201000,2.277000,2.195000,2.251000,2.251000,184099
2019-08-29,2.235000,2.310000,2.218000,2.296000,2.296000,200414
2019-08-30,2.288000,2.299000,2.257000,2.285000,2.285000,124710
2019-09-01,null,null,null,null,null,null
2019-09-03,2.288000,2.365000,2.269000,2.358000,2.358000,221621
2019-09-04,2.346000,2.457000,2.339000,2.445000,2.445000,218505
2019-09-05,2.442000,2.468000,2.388000,2.435000,2.435000,229804
2019-09-06,2.435000,2.505000,2.403000,2.496000,2.496000,201585
2019-09-08,null,null,null,null,null,null
2019-09-09,2.527000,2.608000,2.496000,2.585000,2.585000,276719
2019-09-10,2.606000,2.648000,2.571000,2.580000,2.580000,259973
2019-09-11,2.581000,2.600000,2.529000,2.552000,2.552000,211021
2019-09-12,2.547000,2.585000,2.512000,2.574000,2.574000,218446
2019-09-13,2.573000,2.639000,2.553000,2.614000,2.614000,184455
2019-09-15,null,null,null,null,null,null
2019-09-16,2.688000,2.700000,2.641000,2.681000,2.681000,197192
2019-09-17,2.686000,2.710000,2.628000,2.668000,2.668000,180756
2019-09-18,2.663000,2.696000,2.603000,2.637000,2.637000,157922
2019-09-19,2.639000,2.639000,2.530000,2.538000,2.538000,199308
2019-09-20,2.552000,2.579000,2.506000,2.534000,2.534000,130294
2019-09-22,null,null,null,null,null,null
2019-09-23,2.522000,2.547000,2.493000,2.527000,2.527000,114580
2019-09-24,2.535000,2.590000,2.494000,2.503000,2.503000,56840
2019-09-25,2.497000,2.519000,2.455000,2.502000,2.502000,60510
2019-09-26,2.514000,2.540000,2.390000,2.428000,2.428000,242116
2019-09-27,2.449000,2.451000,2.380000,2.404000,2.404000,132791
2019-09-29,null,null,null,null,null,null
2019-09-30,2.380000,2.392000,2.324000,2.330000,2.330000,173793
2019-10-01,2.325000,2.334000,2.268000,2.283000,2.283000,232340
2019-10-02,2.287000,2.304000,2.245000,2.247000,2.247000,165877
2019-10-03,2.254000,2.349000,2.207000,2.329000,2.329000,275743
2019-10-04,2.336000,2.398000,2.263000,2.352000,2.352000,204658
2019-10-06,null,null,null,null,null,null
2019-10-07,2.333000,2.342000,2.287000,2.303000,2.303000,207410
2019-10-08,2.293000,2.323000,2.266000,2.288000,2.288000,182127
2019-10-09,2.288000,2.306000,2.229000,2.234000,2.234000,197120
2019-10-10,2.239000,2.274000,2.202000,2.218000,2.218000,216640
2019-10-11,2.203000,2.262000,2.187000,2.214000,2.214000,264184
2019-10-13,null,null,null,null,null,null
2019-10-14,2.238000,2.313000,2.228000,2.280000,2.280000,171686
2019-10-15,2.285000,2.349000,2.266000,2.339000,2.339000,177882
2019-10-16,2.342000,2.384000,2.277000,2.303000,2.303000,191283
2019-10-17,2.292000,2.365000,2.284000,2.318000,2.318000,159780
2019-10-18,2.319000,2.360000,2.289000,2.320000,2.320000,150021
2019-10-20,null,null,null,null,null,null
2019-10-21,2.320000,2.322000,2.213000,2.238000,2.238000,215761
2019-10-22,2.236000,2.311000,2.231000,2.272000,2.272000,234962
2019-10-23,2.274000,2.305000,2.251000,2.282000,2.282000,146417
2019-10-24,2.285000,2.342000,2.269000,2.316000,2.316000,125646
2019-10-25,2.331000,2.336000,2.273000,2.300000,2.300000,63898
2019-10-27,null,null,null,null,null,null
2019-10-28,2.366000,2.470000,2.346000,2.446000,2.446000,80627
2019-10-29,2.459000,2.640000,2.449000,2.597000,2.597000,307266
2019-10-30,2.628000,2.723000,2.616000,2.691000,2.691000,214545
2019-10-31,2.686000,2.738000,2.606000,2.633000,2.633000,222320
2019-11-01,2.637000,2.718000,2.575000,2.714000,2.714000,239446
2019-11-03,null,null,null,null,null,null
2019-11-04,2.796000,2.842000,2.781000,2.821000,2.821000,255674
2019-11-05,2.822000,2.905000,2.817000,2.862000,2.862000,218498
2019-11-06,2.873000,2.891000,2.820000,2.828000,2.828000,189258
2019-11-07,2.823000,2.882000,2.753000,2.772000,2.772000,301600
2019-11-08,2.792000,2.822000,2.755000,2.789000,2.789000,175962
2019-11-10,null,null,null,null,null,null
2019-11-11,2.716000,2.716000,2.618000,2.637000,2.637000,250309
2019-11-12,2.637000,2.685000,2.607000,2.621000,2.621000,199639
2019-11-13,2.622000,2.680000,2.570000,2.600000,2.600000,206266
2019-11-14,2.674000,2.696000,2.625000,2.647000,2.647000,223572
2019-11-15,2.636000,2.724000,2.606000,2.688000,2.688000,173528
2019-11-17,null,null,null,null,null,null
2019-11-18,2.641000,2.650000,2.533000,2.566000,2.566000,186990
2019-11-19,2.547000,2.560000,2.501000,2.510000,2.510000,205951
2019-11-20,2.514000,2.581000,2.505000,2.559000,2.559000,146056
2019-11-21,2.566000,2.595000,2.526000,2.567000,2.567000,131312
2019-11-22,2.585000,2.675000,2.557000,2.665000,2.665000,84146
2019-11-24,null,null,null,null,null,null
2019-11-25,2.689000,2.709000,2.510000,2.531000,2.531000,70298
2019-11-26,2.520000,2.532000,2.421000,2.470000,2.470000,241556
2019-11-27,2.529000,2.558000,2.488000,2.501000,2.501000,145157
2019-11-29,null,null,null,null,null,null
2019-12-01,null,null,null,null,null,null
2019-12-02,2.315000,2.369000,2.289000,2.329000,2.329000,219035
2019-12-03,2.345000,2.510000,2.340000,2.441000,2.441000,307305
2019-12-04,2.439000,2.463000,2.368000,2.399000,2.399000,195334
2019-12-05,2.406000,2.463000,2.396000,2.427000,2.427000,179532
2019-12-06,2.417000,2.437000,2.328000,2.334000,2.334000,251411
2019-12-08,null,null,null,null,null,null
2019-12-09,2.210000,2.258000,2.158000,2.232000,2.232000,322558
2019-12-10,2.253000,2.289000,2.216000,2.264000,2.264000,270886
2019-12-11,2.265000,2.303000,2.240000,2.243000,2.243000,220222
2019-12-12,2.248000,2.348000,2.244000,2.328000,2.328000,258895
2019-12-13,2.341000,2.342000,2.253000,2.296000,2.296000,170403
2019-12-15,null,null,null,null,null,null
2019-12-16,2.296000,2.377000,2.285000,2.341000,2.341000,163027
2019-12-17,2.349000,2.362000,2.282000,2.319000,2.319000,162318
2019-12-18,2.318000,2.327000,2.257000,2.286000,2.286000,186142
2019-12-19,2.282000,2.302000,2.232000,2.273000,2.273000,231822
2019-12-20,2.289000,2.345000,2.279000,2.328000,2.328000,153378
2019-12-22,null,null,null,null,null,null
2019-12-23,2.254000,2.269000,2.192000,2.214000,2.214000,127886
2019-12-24,null,null,null,null,null,null
2019-12-26,2.184000,2.297000,2.184000,2.294000,2.294000,53813
2019-12-27,2.272000,2.286000,2.138000,2.158000,2.158000,223903
2019-12-29,null,null,null,null,null,null
2019-12-30,2.247000,2.258000,2.182000,2.186000,2.186000,124329
2019-12-31,2.191000,2.207000,2.151000,2.189000,2.189000,116886
2020-01-02,2.184000,2.188000,2.116000,2.122000,2.122000,164570
2020-01-03,2.129000,2.163000,2.083000,2.130000,2.130000,144669
2020-01-05,null,null,null,null,null,null
2020-01-06,2.112000,2.173000,2.099000,2.135000,2.135000,154678
2020-01-07,2.149000,2.178000,2.102000,2.162000,2.162000,163006
2020-01-08,2.153000,2.185000,2.115000,2.141000,2.141000,242559
2020-01-09,2.151000,2.170000,2.105000,2.166000,2.166000,230026
2020-01-10,2.166000,2.234000,2.137000,2.202000,2.202000,282652
2020-01-12,null,null,null,null,null,null
2020-01-13,2.210000,2.226000,2.163000,2.182000,2.182000,232949
2020-01-14,2.188000,2.255000,2.173000,2.187000,2.187000,281854
2020-01-15,2.181000,2.189000,2.104000,2.120000,2.120000,218920
2020-01-16,2.134000,2.170000,2.071000,2.077000,2.077000,206418
2020-01-17,2.077000,2.078000,1.994000,2.003000,2.003000,213282
2020-01-19,null,null,null,null,null,null
2020-01-21,1.970000,1.970000,1.830000,1.895000,1.895000,255723
2020-01-22,1.912000,1.942000,1.895000,1.905000,1.905000,240000
2020-01-23,1.915000,1.980000,1.913000,1.926000,1.926000,179792
2020-01-24,1.938000,1.945000,1.872000,1.893000,1.893000,142191
2020-01-26,null,null,null,null,null,null
2020-01-27,1.935000,1.976000,1.888000,1.902000,1.902000,72170
2020-01-28,1.902000,1.952000,1.883000,1.934000,1.934000,59297
2020-01-29,1.927000,1.938000,1.858000,1.877000,1.877000,171881
2020-01-30,1.879000,1.886000,1.815000,1.829000,1.829000,219698
2020-01-31,1.832000,1.856000,1.812000,1.841000,1.841000,135678
2020-02-02,1.852000,1.872000,1.849000,1.862000,1.862000,104128
2020-02-03,1.852000,1.880000,1.814000,1.819000,1.819000,163786
2020-02-04,1.823000,1.888000,1.804000,1.872000,1.872000,184043
2020-02-05,1.876000,1.884000,1.825000,1.861000,1.861000,195459
2020-02-06,1.865000,1.906000,1.832000,1.862000,1.862000,186209
2020-02-07,1.863000,1.898000,1.842000,1.858000,1.858000,272131
2020-02-09,1.813000,1.813000,1.788000,1.791000,1.791000,414418
2020-02-10,1.813000,1.813000,1.759000,1.766000,1.766000,337225
2020-02-11,1.768000,1.800000,1.753000,1.788000,1.788000,278434
2020-02-12,1.790000,1.855000,1.789000,1.844000,1.844000,303309
2020-02-13,1.846000,1.869000,1.823000,1.826000,1.826000,280375
2020-02-14,1.828000,1.854000,1.795000,1.837000,1.837000,188948
2020-02-16,1.880000,1.896000,1.874000,1.893000,1.893000,25129
2020-02-18,1.880000,1.983000,1.874000,1.981000,1.981000,322723
2020-02-19,1.969000,1.978000,1.945000,1.955000,1.955000,269977
2020-02-20,1.967000,2.025000,1.907000,1.920000,1.920000,266245
2020-02-21,1.915000,1.925000,1.861000,1.905000,1.905000,146813
2020-02-23,1.881000,1.883000,1.869000,1.878000,1.878000,39836
2020-02-24,1.884000,1.884000,1.824000,1.827000,1.827000,75204
2020-02-25,1.836000,1.862000,1.819000,1.847000,1.847000,70528
2020-02-26,1.848000,1.880000,1.810000,1.821000,1.821000,163415
2020-02-27,1.828000,1.831000,1.719000,1.752000,1.752000,276100
2020-02-28,1.748000,1.750000,1.642000,1.684000,1.684000,218418
2020-03-01,1.690000,1.700000,1.680000,1.690000,1.690000,83391
2020-03-02,1.695000,1.765000,1.680000,1.756000,1.756000,197987
2020-03-03,1.763000,1.839000,1.756000,1.800000,1.800000,207501
2020-03-04,1.805000,1.845000,1.785000,1.827000,1.827000,138206
2020-03-05,1.829000,1.847000,1.756000,1.772000,1.772000,152639
2020-03-06,1.767000,1.767000,1.705000,1.708000,1.708000,213508
2020-03-08,1.678000,1.680000,1.639000,1.652000,1.652000,885228
2020-03-09,1.678000,1.830000,1.610000,1.778000,1.778000,291353
2020-03-10,1.835000,1.955000,1.794000,1.936000,1.936000,350204
2020-03-11,1.938000,1.998000,1.860000,1.878000,1.878000,318547
2020-03-12,1.883000,1.883000,1.750000,1.841000,1.841000,280154
2020-03-13,1.810000,1.951000,1.795000,1.869000,1.869000,222420
2020-03-15,1.854000,1.854000,1.791000,1.811000,1.811000,663381
2020-03-16,1.854000,1.854000,1.778000,1.815000,1.815000,167169
2020-03-17,1.797000,1.820000,1.711000,1.729000,1.729000,163792
2020-03-18,1.721000,1.728000,1.555000,1.604000,1.604000,216851
2020-03-19,1.632000,1.683000,1.602000,1.654000,1.654000,189477
2020-03-20,1.647000,1.700000,1.574000,1.604000,1.604000,160481
2020-03-22,1.537000,1.543000,1.519000,1.537000,1.537000,526646
2020-03-23,1.533000,1.628000,1.519000,1.602000,1.602000,138581
2020-03-24,1.590000,1.687000,1.583000,1.653000,1.653000,92341
2020-03-25,1.673000,1.716000,1.638000,1.659000,1.659000,42555
2020-03-26,1.657000,1.680000,1.612000,1.637000,1.637000,48026
2020-03-27,1.640000,1.650000,1.597000,1.634000,1.634000,114350
2020-03-29,1.630000,1.634000,1.617000,1.621000,1.621000,313333
2020-03-30,1.630000,1.708000,1.613000,1.690000,1.690000,102306
2020-03-31,1.702000,1.731000,1.636000,1.640000,1.640000,142553
2020-04-01,1.643000,1.679000,1.580000,1.587000,1.587000,143668
2020-04-02,1.591000,1.624000,1.521000,1.552000,1.552000,165320
2020-04-03,1.551000,1.659000,1.530000,1.621000,1.621000,155164
2020-04-05,null,null,null,null,null,null
2020-04-06,1.650000,1.755000,1.630000,1.731000,1.731000,187962
2020-04-07,1.759000,1.912000,1.747000,1.852000,1.852000,261927
2020-04-08,1.905000,1.918000,1.771000,1.783000,1.783000,227400
2020-04-09,1.791000,1.825000,1.721000,1.733000,1.733000,202175
2020-04-12,1.752000,1.777000,1.728000,1.764000,1.764000,211806
2020-04-13,1.752000,1.813000,1.698000,1.724000,1.724000,196125
2020-04-14,1.725000,1.737000,1.633000,1.650000,1.650000,198543
2020-04-15,1.639000,1.666000,1.586000,1.598000,1.598000,152700
2020-04-16,1.591000,1.719000,1.555000,1.686000,1.686000,235589
2020-04-17,1.689000,1.806000,1.661000,1.753000,1.753000,196982
2020-04-19,1.781000,1.787000,1.770000,1.776000,1.776000,289045
2020-04-20,1.774000,1.970000,1.701000,1.924000,1.924000,229817
2020-04-21,1.943000,1.974000,1.779000,1.821000,1.821000,283417
2020-04-22,1.836000,1.952000,1.774000,1.939000,1.939000,162988
2020-04-23,1.910000,1.953000,1.806000,1.815000,1.815000,93520
2020-04-24,1.818000,1.839000,1.702000,1.746000,1.746000,77810
2020-04-26,1.721000,1.726000,1.709000,1.724000,1.724000,45218
2020-04-27,1.701000,1.850000,1.593000,1.819000,1.819000,67072
2020-04-28,1.831000,1.923000,1.702000,1.794000,1.794000,157779
2020-04-29,1.949000,1.973000,1.860000,1.869000,1.869000,159446
2020-04-30,1.878000,1.953000,1.825000,1.949000,1.949000,169439
2020-05-01,1.936000,2.016000,1.872000,1.890000,1.890000,181684
2020-05-03,1.961000,1.983000,1.942000,1.945000,1.945000,759408
2020-05-04,1.961000,2.006000,1.935000,1.993000,1.993000,187907
2020-05-05,1.991000,2.162000,1.981000,2.134000,2.134000,307829
2020-05-06,2.087000,2.111000,1.929000,1.944000,1.944000,265466
2020-05-07,1.956000,1.989000,1.886000,1.894000,1.894000,228869
2020-05-08,1.901000,1.927000,1.811000,1.823000,1.823000,188400
2020-05-10,1.838000,1.846000,1.815000,1.838000,1.838000,349285
2020-05-11,1.838000,1.890000,1.803000,1.826000,1.826000,224967
2020-05-12,1.847000,1.849000,1.685000,1.720000,1.720000,228490
2020-05-13,1.695000,1.741000,1.595000,1.616000,1.616000,254680
2020-05-14,1.643000,1.715000,1.610000,1.681000,1.681000,206529
2020-05-15,1.675000,1.732000,1.634000,1.646000,1.646000,169709
2020-05-17,1.725000,1.745000,1.702000,1.715000,1.715000,800766
2020-05-18,1.725000,1.851000,1.702000,1.783000,1.783000,224943
2020-05-19,1.769000,1.857000,1.763000,1.830000,1.830000,241438
2020-05-20,1.804000,1.889000,1.743000,1.771000,1.771000,158342
2020-05-21,1.778000,1.785000,1.692000,1.710000,1.710000,99424
2020-05-22,1.726000,1.760000,1.680000,1.731000,1.731000,53714
2020-05-24,1.715000,1.721000,1.714000,1.715000,1.715000,2346
2020-05-26,1.746000,1.809000,1.692000,1.793000,1.793000,44873
2020-05-27,1.774000,1.815000,1.711000,1.722000,1.722000,161456
2020-05-28,1.878000,1.896000,1.811000,1.827000,1.827000,160769
2020-05-29,1.819000,1.865000,1.763000,1.849000,1.849000,221374
2020-05-31,1.797000,1.800000,1.784000,1.797000,1.797000,157534
2020-06-01,1.830000,1.848000,1.742000,1.774000,1.774000,205239
2020-06-02,1.780000,1.801000,1.758000,1.777000,1.777000,142957
2020-06-03,1.774000,1.861000,1.771000,1.821000,1.821000,200601
2020-06-04,1.809000,1.854000,1.795000,1.822000,1.822000,114332
2020-06-05,1.821000,1.864000,1.777000,1.782000,1.782000,207229
2020-06-07,1.810000,1.816000,1.753000,1.777000,1.777000,618470
2020-06-08,1.810000,1.816000,1.750000,1.789000,1.789000,206086
2020-06-09,1.809000,1.829000,1.756000,1.767000,1.767000,207732
2020-06-10,1.763000,1.808000,1.674000,1.780000,1.780000,203929
2020-06-11,1.787000,1.833000,1.766000,1.813000,1.813000,213619
2020-06-12,1.817000,1.822000,1.727000,1.731000,1.731000,148103
2020-06-14,1.753000,1.761000,1.745000,1.746000,1.746000,196705
2020-06-15,1.753000,1.761000,1.661000,1.669000,1.669000,191894
2020-06-16,1.673000,1.685000,1.597000,1.614000,1.614000,167095
2020-06-17,1.613000,1.648000,1.602000,1.638000,1.638000,150270
2020-06-18,1.638000,1.661000,1.611000,1.638000,1.638000,124793
2020-06-19,1.637000,1.684000,1.630000,1.669000,1.669000,123844
2020-06-21,1.671000,1.688000,1.671000,1.688000,1.688000,144062
2020-06-22,1.671000,1.712000,1.643000,1.664000,1.664000,121433
2020-06-23,1.660000,1.663000,1.614000,1.637000,1.637000,85194
2020-06-24,1.627000,1.656000,1.585000,1.597000,1.597000,43229
2020-06-25,1.595000,1.598000,1.440000,1.482000,1.482000,62675
2020-06-26,1.441000,1.567000,1.432000,1.495000,1.495000,117328
2020-06-28,1.567000,1.589000,1.558000,1.583000,1.583000,254289
2020-06-29,1.567000,1.753000,1.558000,1.709000,1.709000,273247
2020-06-30,1.697000,1.784000,1.688000,1.751000,1.751000,186911
2020-07-01,1.754000,1.758000,1.655000,1.671000,1.671000,173543
2020-07-02,1.693000,1.738000,1.672000,1.734000,1.734000,142222
2020-07-05,1.738000,1.750000,1.733000,1.748000,1.748000,177751
2020-07-06,1.728000,1.864000,1.714000,1.830000,1.830000,249486
2020-07-07,1.829000,1.924000,1.829000,1.876000,1.876000,203760
2020-07-08,1.879000,1.886000,1.808000,1.824000,1.824000,187548
2020-07-09,1.820000,1.891000,1.772000,1.779000,1.779000,179261
2020-07-10,1.776000,1.835000,1.737000,1.805000,1.805000,166223
2020-07-12,1.785000,1.793000,1.751000,1.778000,1.778000,254040
2020-07-13,1.785000,1.815000,1.725000,1.739000,1.739000,158853
2020-07-14,1.729000,1.771000,1.708000,1.746000,1.746000,138354
2020-07-15,1.743000,1.792000,1.728000,1.778000,1.778000,93856
2020-07-16,1.783000,1.808000,1.703000,1.723000,1.723000,136973
2020-07-17,1.726000,1.750000,1.690000,1.718000,1.718000,110717
2020-07-19,1.700000,1.703000,1.686000,1.693000,1.693000,192227
2020-07-20,1.700000,1.707000,1.605000,1.641000,1.641000,165622
2020-07-21,1.644000,1.681000,1.622000,1.675000,1.675000,131339
2020-07-22,1.669000,1.698000,1.622000,1.681000,1.681000,118416
2020-07-23,1.694000,1.805000,1.677000,1.785000,1.785000,122590
2020-07-24,1.784000,1.818000,1.746000,1.808000,1.808000,71797
2020-07-26,1.796000,1.797000,1.764000,1.781000,1.781000,49595
2020-07-27,1.796000,1.800000,1.714000,1.734000,1.734000,37484
2020-07-28,1.731000,1.803000,1.719000,1.800000,1.800000,32525
2020-07-29,1.796000,1.893000,1.769000,1.854000,1.854000,165738
2020-07-30,1.921000,1.928000,1.818000,1.829000,1.829000,165711
2020-07-31,1.835000,1.862000,1.781000,1.799000,1.799000,112248
2020-08-02,1.859000,1.883000,1.856000,1.858000,1.858000,403084
2020-08-03,1.859000,2.154000,1.852000,2.101000,2.101000,381969
2020-08-04,2.097000,2.198000,2.056000,2.193000,2.193000,230889
2020-08-05,2.178000,2.261000,2.163000,2.191000,2.191000,182428
2020-08-06,2.206000,2.284000,2.136000,2.165000,2.165000,182428
2020-08-07,2.153000,2.256000,2.140000,2.238000,2.238000,206250
2020-08-09,2.257000,2.265000,2.228000,2.249000,2.249000,251600
2020-08-10,2.257000,2.275000,2.118000,2.153000,2.153000,207909
2020-08-11,2.165000,2.231000,2.135000,2.171000,2.171000,166067
2020-08-12,2.149000,2.165000,2.085000,2.152000,2.152000,175924
2020-08-13,2.151000,2.205000,2.139000,2.182000,2.182000,173306
2020-08-14,2.191000,2.379000,2.171000,2.356000,2.356000,229933
2020-08-16,2.392000,2.396000,2.365000,2.368000,2.368000,327753
2020-08-17,2.392000,2.396000,2.302000,2.339000,2.339000,143939
2020-08-18,2.344000,2.465000,2.306000,2.417000,2.417000,141594
2020-08-19,2.417000,2.455000,2.375000,2.426000,2.426000,112840
2020-08-20,2.430000,2.440000,2.345000,2.352000,2.352000,146657
2020-08-21,2.355000,2.468000,2.280000,2.448000,2.448000,134959
2020-08-23,2.460000,2.464000,2.396000,2.400000,2.400000,160780
2020-08-24,2.460000,2.554000,2.390000,2.513000,2.513000,101297
2020-08-25,2.514000,2.552000,2.451000,2.489000,2.489000,43866
2020-08-26,2.480000,2.557000,2.398000,2.461000,2.461000,37633
2020-08-27,2.424000,2.598000,2.388000,2.579000,2.579000,209678
2020-08-28,2.710000,2.743000,2.621000,2.657000,2.657000,152901
2020-08-30,2.629000,2.649000,2.622000,2.637000,2.637000,142521
2020-08-31,2.629000,2.653000,2.497000,2.630000,2.630000,203888
2020-09-01,2.628000,2.675000,2.504000,2.527000,2.527000,228380
2020-09-02,2.516000,2.578000,2.415000,2.486000,2.486000,257129
2020-09-03,2.489000,2.567000,2.455000,2.487000,2.487000,146077
2020-09-04,2.483000,2.605000,2.431000,2.588000,2.588000,165241
2020-09-06,null,null,null,null,null,null
2020-09-08,2.586000,2.586000,2.356000,2.400000,2.400000,223470
2020-09-09,2.367000,2.480000,2.328000,2.406000,2.406000,201385
2020-09-10,2.382000,2.407000,2.305000,2.323000,2.323000,139971
2020-09-11,2.314000,2.335000,2.246000,2.269000,2.269000,123018
2020-09-13,null,null,null,null,null,null
2020-09-14,2.306000,2.399000,2.284000,2.310000,2.310000,151170
2020-09-15,2.305000,2.383000,2.275000,2.362000,2.362000,114514
2020-09-16,2.356000,2.389000,2.233000,2.267000,2.267000,119392
2020-09-17,2.254000,2.275000,1.987000,2.042000,2.042000,238359
2020-09-18,1.999000,2.074000,1.926000,2.048000,2.048000,151869
2020-09-20,null,null,null,null,null,null
2020-09-21,1.991000,2.038000,1.795000,1.835000,1.835000,256631
2020-09-22,1.888000,1.897000,1.808000,1.834000,1.834000,102265
2020-09-23,1.845000,2.207000,1.815000,2.125000,2.125000,100575
2020-09-24,2.195000,2.320000,2.169000,2.248000,2.248000,60475
2020-09-25,2.178000,2.260000,2.101000,2.139000,2.139000,40394
2020-09-27,null,null,null,null,null,null
2020-09-28,2.105000,2.176000,2.020000,2.101000,2.101000,113191
2020-09-29,2.769000,2.789000,2.490000,2.561000,2.561000,196454
2020-09-30,2.502000,2.579000,2.425000,2.527000,2.527000,145933
2020-10-01,2.550000,2.592000,2.441000,2.527000,2.527000,155886
2020-10-02,2.485000,2.551000,2.373000,2.438000,2.438000,163725
2020-10-04,null,null,null,null,null,null
2020-10-05,2.455000,2.727000,2.446000,2.615000,2.615000,195405
2020-10-06,2.623000,2.703000,2.505000,2.520000,2.520000,149529
2020-10-07,2.511000,2.686000,2.466000,2.606000,2.606000,211070
2020-10-08,2.590000,2.651000,2.508000,2.627000,2.627000,198488
2020-10-09,2.632000,2.821000,2.618000,2.741000,2.741000,207342
2020-10-11,null,null,null,null,null,null
2020-10-12,2.891000,2.955000,2.825000,2.881000,2.881000,179699
2020-10-13,2.834000,2.884000,2.751000,2.855000,2.855000,178430
2020-10-14,2.761000,2.771000,2.610000,2.636000,2.636000,184592
2020-10-15,2.645000,2.829000,2.639000,2.775000,2.775000,150327
2020-10-16,2.778000,2.852000,2.670000,2.773000,2.773000,146431
2020-10-18,null,null,null,null,null,null
2020-10-19,2.641000,2.890000,2.638000,2.795000,2.795000,150451
2020-10-20,2.831000,2.950000,2.824000,2.913000,2.913000,119808
2020-10-21,2.897000,3.053000,2.890000,3.023000,3.023000,154373
2020-10-22,3.025000,3.066000,2.980000,3.007000,3.007000,93193
2020-10-23,2.985000,3.006000,2.918000,2.971000,2.971000,73245
2020-10-25,null,null,null,null,null,null
2020-10-26,2.941000,3.080000,2.907000,3.024000,3.024000,35714
2020-10-27,3.016000,3.091000,2.986000,3.019000,3.019000,57585
2020-10-28,3.020000,3.051000,2.967000,2.996000,2.996000,102026
2020-10-29,3.283000,3.346000,3.151000,3.301000,3.301000,168764
2020-10-30,3.313000,3.396000,3.256000,3.354000,3.354000,146433
2020-11-01,null,null,null,null,null,null
2020-11-02,3.374000,3.393000,3.214000,3.244000,3.244000,156206
2020-11-03,3.236000,3.241000,3.041000,3.059000,3.059000,184775
2020-11-04,3.056000,3.091000,3.002000,3.046000,3.046000,145538
2020-11-05,3.062000,3.113000,2.925000,2.942000,2.942000,173752
2020-11-06,2.934000,2.971000,2.866000,2.888000,2.888000,186660
2020-11-08,null,null,null,null,null,null
2020-11-09,2.872000,2.929000,2.821000,2.859000,2.859000,125977
2020-11-10,2.860000,3.012000,2.855000,2.949000,2.949000,158192
2020-11-11,2.948000,3.057000,2.911000,3.031000,3.031000,139900
2020-11-12,3.032000,3.064000,2.941000,2.976000,2.976000,126609
2020-11-13,2.949000,3.087000,2.949000,2.995000,2.995000,127125
2020-11-15,null,null,null,null,null,null
2020-11-16,2.871000,2.887000,2.675000,2.697000,2.697000,189362
2020-11-17,2.684000,2.732000,2.649000,2.692000,2.692000,110709
2020-11-18,2.694000,2.783000,2.687000,2.712000,2.712000,124471
2020-11-19,2.715000,2.744000,2.525000,2.592000,2.592000,159959
2020-11-20,2.599000,2.679000,2.580000,2.650000,2.650000,76190
2020-11-22,null,null,null,null,null,null
2020-11-23,2.705000,2.728000,2.649000,2.711000,2.711000,38777
2020-11-24,2.709000,2.780000,2.693000,2.775000,2.775000,41700
2020-11-25,2.765000,2.914000,2.700000,2.896000,2.896000,112015
2020-11-27,null,null,null,null,null,null
2020-11-29,null,null,null,null,null,null
2020-11-30,2.831000,2.996000,2.823000,2.882000,2.882000,146181
2020-12-01,2.934000,2.972000,2.833000,2.880000,2.880000,137665
2020-12-02,2.881000,2.934000,2.740000,2.780000,2.780000,142878
2020-12-03,2.760000,2.768000,2.484000,2.507000,2.507000,269563
2020-12-04,2.511000,2.623000,2.462000,2.575000,2.575000,142533
2020-12-06,null,null,null,null,null,null
2020-12-07,2.456000,2.483000,2.381000,2.406000,2.406000,236673
2020-12-08,2.431000,2.480000,2.368000,2.399000,2.399000,177627
2020-12-09,2.454000,2.524000,2.421000,2.442000,2.442000,185147
2020-12-10,2.430000,2.594000,2.381000,2.553000,2.553000,215458
2020-12-11,2.568000,2.630000,2.526000,2.591000,2.591000,177710
2020-12-13,null,null,null,null,null,null
2020-12-14,2.658000,2.708000,2.612000,2.682000,2.682000,142936
2020-12-15,2.669000,2.700000,2.596000,2.682000,2.682000,137598
2020-12-16,2.666000,2.692000,2.618000,2.677000,2.677000,128968
2020-12-17,2.685000,2.724000,2.606000,2.636000,2.636000,154243
2020-12-18,2.658000,2.720000,2.648000,2.700000,2.700000,154243